comment_id,story_id,comment_author,comment_body,negative_sa_score,neutral_sa_score,positive_sa_score,compound_sa_score
fkuko2e,fkszih,NoSleepAutoBot,It looks like there may be more to this story. Click [here](https://www.reddit.com/message/compose/?to=UpdateMeBot&subject=Subscribe&message=SubscribeMe%21%20%2Fr%2Fnosleep%20%2Fu%2Ffainting--goat) to get a reminder to check back later. Got issues? Click [here](https://www.reddit.com/r/nosleep/wiki/nosleepautobot).,0.0,0.885,0.115,0.4329
fkunkq8,fkszih,A808Ag,"While I think it's horrible that they turned on you, I am glad that it meant we were able to hear the wonderful love story of how your parents started dating.

Also I think I speak for quite a few of us when I say that we'd love to come to the campground once things return to normal. I recommend that you try to enjoy the break for now. For once you don't have to stop ignorant campers from killing themselves. Enjoy yourself!",0.099,0.642,0.259,0.9449
fkuqsqg,fkszih,raeumauf,"So, obviously there is a way of seeing Psychopaths as something bad... But... Maybe they're just functioning differently, and once upon a time, when our society was working differently... When more of these real threats were out there, they had so serve their purpose just as everyone else by making the sacrifices no one else was willing to take.

And now, that society is well beyond that, there is just nothing for them to do anymore... Except for killing. Or being CEOs.

Maybe you're one of these that still serve their purpose.",0.096,0.882,0.022,-0.8074
fkuwzaj,fkszih,resoredo,"Love on first smite

The ancient being sounds like The Horned Goat Inverted. Nasty fella... although its good that he is now in a passive and more dormant state.",0.095,0.605,0.3,0.7783
fkuxmea,fkszih,RestingBethFace,"So, somewhat unrelated to this specific post, but have you considered digitizing your books of lore and family journals? It might not be a bad idea to have them uploaded and stored to a backup in case something happens to your home (a fire, etc.)

It could also make it easier to search for and cross reference specific keywords when/if you're searching for clues about an entity. 

I'd be happy to volunteer!",0.038,0.806,0.156,0.8938
fkur27t,fkszih,bumpercarbustier,This makes me wonder how many ancients and entities are reveling in the chaos and disease currently in the world at large.,0.15,0.85,0.0,-0.5719
fkvgxyz,fkszih,roofkoreandisciple,"By the way, I binged through your reddit posts recently, and I think I got a theory on how the man with no shadow uses his powers. I think he might be a shadow himself. That's why he doesn't have a shadow. That's why he can harm your shadow. I assume he switched places with the person who used to have him as their shadow somehow, or he has supernatural ability to control shadows and hides his physical body where his shadow should be.
And that's how I believe he can control people, through their shadows. I think he can ""convince"" a person's shadow to do his bidding. I think this specific ability has limits though, considering he's not controlling you directly. Perhaps it doesn't work on people who knows who he is? Well, the point is, I think shadows are the key to identifying who is under his power, or even freeing them from TMWNS",0.048,0.888,0.064,0.34
fkuorjf,fkszih,DCSylph,I can see where you get your traits from. Your mother was as much of a psychopath as you are (I mean that in a good way!),0.0,0.878,0.122,0.4926
fkv3yzr,fkszih,Anjodu,I can only imagine the look in your grandfather's face when your parents filled him in on everything that happened. Considering he'd hung up on your mom and completely dismissed her.,0.0,1.0,0.0,0.0
fkuyf04,fkszih,StarGazer_SpaceLove,"Your mom was a total badass! Did not see that coming at all!  A lamb or something, sure. Gave me chills!",0.0,0.753,0.247,0.6784
fkv3kx4,fkszih,7hisFcknGuy,"As always, I got the notification you had posted again and dropped everything to read it. And now learning about your mom's history I see where you get it from! Whatever people may say, we need more like you. Don't ever forget that!",0.0,0.885,0.115,0.6178
fkvkk4a,fkszih,Kalooeh,"I haven't gone camping in forever. 

I'd actually love to go again sometime so I hope you're able to get things back to normal soon. Not just for that but for yours and everyone else's sakes that are  on the land too. 

Sucks having to help people that are assholes and fight with you about things. You want to just let them deal with the consequences though same time you know it can end up making things worse overall if you do. Either way sometimes there can be no winning with people but at least things didn't go to hell",0.15,0.694,0.156,-0.0601
fkuw99x,fkszih,ChaosTheRedditor,"An ancient being can be benevolent, but it is rare for them to have morals... but, yâ€™know, I like to think Iâ€™m special",0.0,0.675,0.325,0.8462
fkvenmd,fkszih,spacetstacy,"I would love to stay at your campground.  I know how to follow rules. 
Maybe I'll see you this summer.....",0.0,0.802,0.198,0.6369
fkvmae8,fkszih,Ethanol314,"Even though you said before you far this year may be a bad one for the monsters/spirits in your camp, on the upside thanks to COVID-19 there probably won't be as many campers to get caught in the nonsensical things that will happen this year. Best of luck in your fight against the man with no shadow!",0.121,0.728,0.151,0.4753
fkvn067,fkszih,Eeveelover14,"I honestly wouldn't call you a psychopath, you feel too much. You have guilt and regrets. I'd call you coldly rational, nothing is too far  because it HAS to be done. You're morals are different than most people because they have to be, a lot more people would have died if they weren't. 

Sadly humans like to believe they are morally higher than others and that makes anyone who doesn't share those morals evil. Only the campground isn't based around morals. It's a game of survival and the strongest get to make the rules.",0.157,0.765,0.078,-0.8109
fkvmc9l,fkszih,MotherRaven,\*rubs hands together excitedly\*,0.0,1.0,0.0,0.0
fkusrv0,fkszih,RUSSfromUP,Real question is if your mom killed the chicken for the hell of it or if it was actually to attract the ancient... Maybe she was just having fun?,0.228,0.627,0.145,-0.6486
fkutfye,fkszih,completeoriginalname,">wonderful love story of how your parents started dating.

Yea..wonderful.",0.0,0.682,0.318,0.6369
fkvqyof,fkszih,WarabiSalad,Yes I would love to visit your campground too! My daughter may even bring her â€œimaginaryâ€ friend. ;),0.0,0.514,0.486,0.906
fkuv2es,fkszih,VyePuwahi,Soldiers.,0.0,1.0,0.0,0.0
fkve4su,fkszih,fainting--goat,That's a nice way of looking at it.  I like your perspective.  But I am a bit biased.,0.153,0.636,0.211,-0.0
fkve7ck,fkszih,fainting--goat,That is on my list of theories.,0.0,1.0,0.0,0.0
fkveawo,fkszih,fainting--goat,"It'd be a colossal amount of work and much of what I'm talking about in these posts covers the unique information.  Maybe a book list though, of the stuff I read to help figure things out?  It's all publicly available.",0.0,0.93,0.07,0.4019
fkvemuh,fkszih,fainting--goat,"Grandpa was a difficult person, to be honest.  My dad didn't talk a whole lot about him.  I might have to write about what happened to him someday.",0.087,0.799,0.115,0.2023
fkveiv5,fkszih,fainting--goat,Chickens are easier to steal and there were some near her house.  That's about the only reason she used them!,0.144,0.741,0.115,-0.1759
fkvepgs,fkszih,fainting--goat,It was definitely to attract the ancient.  Ritual sacrifice always gets those things attention.,0.0,0.698,0.302,0.6369
fkv340z,fkszih,Eminemloverrrrr,Ha! So romantic,0.0,0.15,0.85,0.6893
fkvogu8,fkszih,bastets_yarn,encompassed under killing,0.688,0.312,0.0,-0.6597
fkvlru0,fkszih,Anjodu,"Seems to me that the weight of being the Campground Manager kind of *has* to harden you, it may not make you the most friendly person, but after all you have to see and deal with, I'd say it's understandable. 


I dont know how long your grandfather was the Campground Manager, but I'm sure theres a lot to be told of him and all that he saw.",0.0,0.924,0.076,0.6365
fkvgwnd,fkszih,StarGazer_SpaceLove,I was referring to the dude on the bridge!!,0.0,1.0,0.0,0.0
fkvwt72,fkszih,RUSSfromUP,Aw shit... My bad... Great writing though. Keep it up,0.0,0.687,0.313,0.6249
fkvu0ap,fkszih,VyePuwahi,They'd rather not be. Thanks.,0.376,0.624,0.0,-0.3412
fkvj97o,fkszih,fainting--goat,"Oh.  Yes.  That.

Well this is awkward.",0.154,0.385,0.462,0.4939
fktwg4d,fkp50h,NoSleepAutoBot,It looks like there may be more to this story. Click [here](https://www.reddit.com/message/compose/?to=UpdateMeBot&subject=Subscribe&message=SubscribeMe%21%20%2Fr%2Fnosleep%20%2Fu%2FMilesCastle) to get a reminder to check back later. Got issues? Click [here](https://www.reddit.com/r/nosleep/wiki/nosleepautobot).,0.0,0.885,0.115,0.4329
fku18j6,fkp50h,DogeTamer1313,What a trip God damn! If I could pay for an award right now I would but I'm dead broke.,0.467,0.396,0.137,-0.8805
fkupx5g,fkp50h,woweeewithane,"I'm a little confused. Why did the mother want to get away from him, and why did he get in trouble? Was it because he ran down the hall screaming?",0.226,0.736,0.038,-0.7482
fkujfgs,fkp50h,Sasstronaut7,Kinda really wanna try Moon Ice Cream now ngl. Anyone else?,0.0,1.0,0.0,0.0
fkut995,fkp50h,iSmElLpEnNyS,Why did he have to see the principal?,0.0,1.0,0.0,0.0
fkvjrqi,fkp50h,Jake-L,"How old is this kid supposed to be?

buying ice-creams but also swearing at people about spiking his shit with LSD.. 

80% of the shit this little kid said, sounded like it was from some 22 year old reddit user.",0.239,0.698,0.063,-0.8765
fkujwva,fkp50h,twistedfuckery,DONT GO IN THERE...sighs...why do they always go in...,0.0,1.0,0.0,0.0
fkv25cl,fkp50h,awritingraven,"M-O-O-N, that spells â€˜ice creamâ€™!",0.0,1.0,0.0,0.0
fkufcgb,fkp50h,Merkhaba,Amazinggg,0.0,1.0,0.0,0.0
fkupubg,fkp50h,ElectrumJedi,"Quick question, did the fire get blamed on you? Is that why you were sent home?",0.295,0.705,0.0,-0.7059
fkvsc0x,fkp50h,8Bells,"Totally unrelated, but in case you didnt know, the maritimes in canada has an ice cream flavor called ""Moon mist"". Effin deadly. 


I think it's a blend of bubblegum , grape, strawberry and banana. But the flavors are so nicely blended that they're somehow very subtle and it's just a nice gentle flavor. 

It's one of my favorites.",0.064,0.702,0.234,0.9171
fkuwb47,fkp50h,JadeEclypse,And then threatened him by calling his father who was the enforcer of her rules... if I got a phone call that my kid ran screaming out of a bathroom because he hallucinated something..  I would certainly like to think that the first thing I'm going to do is not call his father to punish him!,0.152,0.768,0.08,-0.6588
fkv0s9k,fkp50h,kemilak,I'm thinking the fire was really there and that they thought he set the bathroom on fire,0.242,0.758,0.0,-0.5859
fkukjxy,fkp50h,hollypineapple,Wanna bite dust,0.0,1.0,0.0,0.0
fkvewux,fkp50h,Ovahlls,[here](https://www.homemadefoodjunkie.com/cherry-mint-ice-cream/),0.0,1.0,0.0,0.0
fkuwzbm,fkp50h,mooburger,"screaming in the bathroom and then running out of it down the hall tends to be viewed as ""abnormal behavior"" in public schools.",0.106,0.894,0.0,-0.3818
fkuos2p,fkp50h,pritejieken,"No more ice cream for you, OP will get stuck on the moon",0.276,0.724,0.0,-0.4939
fkv6o1a,fkp50h,woweeewithane,"Maybe, but they never talked about any firefighters arriving. Or the fire alarm.",0.36,0.64,0.0,-0.7351
fkux35e,fkp50h,iSmElLpEnNyS,"Thanks, it wasn't specified that he screamed while running down the hall.",0.151,0.658,0.191,0.1531
fkveujs,fkp50h,Ovahlls,But that's the thing about tripping balls and the psychedelic feel to this story. Details like that are left out.,0.0,0.854,0.146,0.5023
fkvj50p,fkyh67,NoSleepAutoBot,It looks like there may be more to this story. Click [here](https://www.reddit.com/message/compose/?to=UpdateMeBot&subject=Subscribe&message=SubscribeMe%21%20%2Fr%2Fnosleep%20%2Fu%2FMr_Mojo_Risin95) to get a reminder to check back later. Got issues? Click [here](https://www.reddit.com/r/nosleep/wiki/nosleepautobot).,0.0,0.885,0.115,0.4329
fkvln1d,fkyh67,just-a-blender,YOU HAVE BECOME THE VERY THING YOU SWORE TO DESTROY!!!,0.327,0.673,0.0,-0.6571
fkvl19c,fkyh67,replic123,"Least to say, I was NOT expecting that. What a somewhat satisfying plot twist!",0.0,0.786,0.214,0.4587
fkvli8t,fkyh67,replic123,"I'd like a series of you just fucking with guards, that would be fun to see.",0.0,0.691,0.309,0.7003
fkvl6bv,fkyh67,turtlecuber24,"This was quite a journey, thank  you for giving me something to read during quarantine, OP. You are appreciated!",0.0,0.631,0.369,0.8303
fkvl05u,fkyh67,man-i-hate-eggs,Oh god that was an amazing ride,0.0,0.459,0.541,0.7096
fkvlizh,fkyh67,Hurky_17,"I liked the ending to this series, it was weird but I like weird stuff,I liked how you became a sadistic prick in the end, it's very realistic ( I too would be in a frenzy to see how long can they make it)",0.192,0.629,0.18,0.1027
fkvujvr,fkyh67,bearcat20,I love the ending! I expected it mid chapter though! What a journey you have taken us! Make sure to right a spinoff of like a new security guard or something!,0.0,0.636,0.364,0.9112
fkvl44w,fkyh67,just-a-blender,H O L Y S H I T,0.0,0.0,0.0,0.0
fkvlo45,fkyh67,redneckmama6,Welcome to the family! Will there be a chapter 3?,0.0,0.708,0.292,0.5093
fkvrvjk,fkyh67,Artistic_Pepper,Who comes from grand mausoleum?,0.0,0.571,0.429,0.4588
fkvng6q,fkyh67,Pesthuf,"Rookie mistake. You don't just press all the buttons.   
The trick is to make it look like it was their fault for not following the rules.",0.205,0.714,0.081,-0.4215
fkvp8j1,fkyh67,_hell_naw,I love it,0.0,0.192,0.808,0.6369
fkvs7jw,fkyh67,stacciie81,Awesome,0.0,0.0,1.0,0.6249
fkvxgxg,fkyh67,Meowmix97,This is so reminiscent of that movie â€œthe cabin in the woodsâ€ I couldnâ€™t stop reading this! Youâ€™ll have to keep filling us in on this op!,0.1,0.9,0.0,-0.4184
fkvxpvx,fkyh67,Reaper9999,"She said he is their longest lasting security guard, but didn't the previous day guard work there for 3 years?",0.0,0.914,0.086,0.1779
fkvy8sa,fkyh67,davilaen01,Wtf! It canâ€™t end this way.,0.45,0.55,0.0,-0.6239
fkvyb9g,fkyh67,kayla_kitty82,Thoroughly enjoyed this series. Was not expecting the twist but that was the best part!! Bravo!!,0.0,0.602,0.398,0.8824
fku9h48,fkr74p,NoSleepAutoBot,It looks like there may be more to this story. Click [here](https://www.reddit.com/message/compose/?to=UpdateMeBot&subject=Subscribe&message=SubscribeMe%21%20%2Fr%2Fnosleep%20%2Fu%2FWorchester_St) to get a reminder to check back later. Got issues? Click [here](https://www.reddit.com/r/nosleep/wiki/nosleepautobot).,0.0,0.885,0.115,0.4329
fkug8xk,fkr74p,dazzling_penguin,"Interesting that her name is Jane and she will be basically be buried as a ""Jane Doe."" So sad.",0.176,0.705,0.119,-0.3163
fkuloun,fkr74p,YonkoAvalanche,"A permanent solution would be complete disintegration of the body. So, maybe try something like using something highly corrosive like aquaregia (its the best I can think of right now) or jump into some high energy source. Be safe..",0.0,0.702,0.298,0.9118
fkuko88,fkr74p,Sasstronaut7,Don't look in the puddles! Don't look in the puddles!... Ah Shit...she looked in the puddles. RIP Jane.,0.0,1.0,0.0,0.0
fku9787,fkr74p,hotlinehelpbot,"
If you or someone you know is contemplating suicide, please reach out. You can find help at a National Suicide Prevention Lifeline

USA: 18002738255
US Crisis textline: 741741 text HOME

United Kingdom: 116 123

Trans Lifeline (877-565-8860)

Others: https://en.wikipedia.org/wiki/List_of_suicide_crisis_lines

https://suicidepreventionlifeline.org",0.243,0.593,0.165,-0.802
fkuz3gz,fkr74p,xlrz28xd,Burn her ?,0.0,1.0,0.0,0.0
fkv7lut,fkr74p,TheRealPetross,"i have a feeling that the first person to discover or see the dead body gets passed the ""disease""",0.207,0.721,0.072,-0.5859
fkv8p4q,fkr74p,pjbruh2k,Maybe get some Hydrofluoric acid and do it Breaking Bad style?,0.259,0.741,0.0,-0.5423
fkuc4y4,fkrk6q,peculi_dar,"Wow, I thought this was a cautionary tale about the dangers of emotionally detached parenting, but it turned out to be much, much worse than that.",0.251,0.669,0.08,-0.6249
fkuhaj4,fkrk6q,Kathmandu-Man,Get your daughter something to eat. Something with a soul.,0.0,1.0,0.0,0.0
fkuk1mc,fkrk6q,catfullofbeans,"damn, that must be a powerful entity if it fabricated that much memory before you even got into the house. hope you got out of there op!",0.085,0.726,0.189,0.5093
fkums7r,fkrk6q,ZombieKatanaFaceRR,"It's no wonder you're having a hard time remembering spending time with your daughter. Try tricking it back into the well somehow, it may be your only hope. Don't forget to cover the damn thing up if you should succeed.",0.131,0.642,0.227,0.567
fkuw4s5,fkrk6q,ElectrumJedi,Well you have a kid now! Don't get it wet and don't feed it after midnight! Good luck!,0.0,0.612,0.388,0.8349
fkuflbc,fkrk6q,spookyChorror,Very chilling! I hope your family is doing better now,0.101,0.436,0.463,0.7164
fkueag1,fkrk6q,Collective1985,Sounds like you have a changeling on your hands!,0.0,0.715,0.285,0.4199
fkuuh0k,fkrk6q,Vaughawa,Throw it back in the well!,0.0,0.676,0.324,0.3382
fkvcv33,fkrk6q,heidivonhoop,Yeet it out the window and start spending time with your wife!,0.0,1.0,0.0,0.0
fkuzjpz,fkrk6q,Ahmad_with_big_pp,"Well, i guess she ate him.",0.0,0.656,0.344,0.2732
fkvcp13,fkrk6q,Sarcastic_Salamander,I would recommend Greek or Italian. They really cook with soul. :p,0.0,0.667,0.333,0.5423
fkvx7ic,fkrk6q,Eeveelover14,"Not necessarily, it's not nearly as hard as most people believe to twist or even fabricate memories. The brain likes to fill in the blanks and most people have no reason to question their memories. 

Meaning all the creature really needs to be is persuasive. Creating a panicked situation would make him lower his guard too, making it even easier to offer bits of information and let his mind fill in the rest.",0.094,0.795,0.111,0.1109
fkummev,fkrk6q,ZombieKatanaFaceRR,"Changelings replace existing kids, though. This thing is implanting memories or emotions or something, making him think it's his kid.",0.0,1.0,0.0,0.0
fkvivcj,fkrk6q,Machka_Ilijeva,Iâ€™m not sure he does have a soul though...,0.219,0.781,0.0,-0.2411
fkvyh69,fkrk6q,Kathmandu-Man,"You're probably right, he sounds like a real estate agent or developer.",0.0,0.8,0.2,0.3612
fkv7tup,fkwlz1,michaeljackson99,Nice keep us updated OP,0.0,0.588,0.412,0.4215
fkvj4nu,fkwlz1,roek91472,Jonestown?,0.0,1.0,0.0,0.0
fkvskgd,fkwlz1,premierlin,">There was supposed to be some town nearby with a terrific candy shop and another town that had been completely renovated lately. 

its linked to the previous parts!!",0.0,0.876,0.124,0.5696
fksjqqo,fkfyfq,Hekktor,"I'm glad you got through this OP, it's a good thing those entities were nice to you",0.0,0.599,0.401,0.8271
fksvifz,fkfyfq,-Sharon-Stoned-,Turns out your dad should have been afraid of the dark,0.0,1.0,0.0,0.0
fkt1bi0,fkfyfq,ShawnMendes13,"Question: do you think if you have kids, those â€œstarsâ€ will protect them too at night? Most ghost, not all of them will be nicer to kids you have it rough. It was nice that these ghost did that.",0.109,0.716,0.175,0.4791
fkta4md,fkfyfq,MorganWD88,"Thereâ€™s a similar story about a kid with an imaginary friend, who wasnâ€™t really imaginary and whenever the kid felt or saw a bad presence. His friend would come and help him. Sort of similar not really but I thought of it when reading this.",0.05,0.817,0.134,0.4215
fktf1my,fkfyfq,WeTheSummerKid,"Sometimes the unknown is more welcoming and kind than what we know. I have Aspergers and ADHD and I can't sleep with the lights off.

&nbsp;
&nbsp;

May those stars exist to watch over and protect those behind closed doors.",0.0,0.787,0.213,0.8576
fkt664p,fkfyfq,nuggetman_o3,U too?,0.0,1.0,0.0,0.0
fktf0j3,fkfyfq,gofuckyourself1994,"â€œWhatâ€™s the point of letting the light in, when the dark slips through anyways.â€

Heartbreaking, yet beautifully said.",0.132,0.705,0.163,0.1779
fktaf6c,fkfyfq,d-o-w-n-v-o-t-e-d,That was genuinely a phenomenal story.,0.0,1.0,0.0,0.0
fkt76kx,fkfyfq,Alarmed_Boot,Absolutely amazing to read. I wonder where those starlike entities came from.,0.0,0.71,0.29,0.624
fktsldt,fkfyfq,Nan_The_Man,"Watchers, seekers

Eyes unblinking

It won't take a shooting star

To fulfill a silent wish.",0.0,0.663,0.337,0.6808
fktaj9e,fkfyfq,abbrosy,"Wow, I have no words for this. Wow.",0.159,0.29,0.551,0.7506
fktbpwz,fkfyfq,ISpitGlitter,They are on my ceiling nowâ¤ï¸,0.0,1.0,0.0,0.0
fktln7z,fkfyfq,Tripsor,"They were never stars.

They were eyes, and they were hungry.",0.0,1.0,0.0,0.0
fkte0gn,fkfyfq,Ajacal1212,"im sorry, what were the stars then?",0.178,0.822,0.0,-0.0772
fktjol8,fkfyfq,RiCe932,"At first, I scrolled down to see how long it would be and thought 'Like hell am I going to get through all of this.' 7 minutes or something later and damn, that was amazing. The ending was really nice and the story was engaging. I just have one 1 question, what did the very last sentence mean? It might just be me overthinking it but I feel like it'll annoy me if I keep thinking about it",0.102,0.748,0.15,0.2348
fktrsq8,fkfyfq,Fluffykitten007,"I'm so glad you're okay OP. As someone who suffered abuse growing up, this was very impactful.",0.279,0.452,0.269,-0.3057
fktax6o,fkfyfq,terrorcatmom,"Also, op, what do you mean, you hoped your mom was â€œagoâ€?",0.0,0.809,0.191,0.3818
fktdo4b,fkfyfq,BreakableTime,I love it! Monsters that are nice. Gave me Monster Inc vibes which is one of my favourite movies. Though I was happy for the child that didn't need to live with the abusive father.,0.095,0.656,0.249,0.7777
fktpwi3,fkfyfq,erotic_salad,"For such a horrible memory, you wrote this beautifully â™¥

&#x200B;

I am relieved both your mum and yourself are safe.",0.119,0.545,0.336,0.7488
fktq7x7,fkfyfq,JayQuillin,Since my mother also had to deal with an abusive father before and especially after I was born that story got preety personal to me. My story ended with him getting into prison and my mum finally managing to divorce him after 3 failed attempts. till I became an adult and luckily barley hearing from him anyomore. Lived happily with my mother afterwards till today.,0.145,0.763,0.092,-0.5994
fktr1vt,fkfyfq,marvo_ging,I'm wondering if you've ever heard Pale Green Stars by Everclear.,0.0,1.0,0.0,0.0
fktwnte,fkfyfq,omniversalvoid,"Considering your name, I can conclude those stars were your stand",0.0,1.0,0.0,0.0
fku1au6,fkfyfq,ninthtale,Why do I feel like I've read this before some years ago,0.0,0.8,0.2,0.3612
fku8zya,fkfyfq,LittleManhattan,"Iâ€™m so glad you and your mom were ok. No sympathy for your dad though, I hate drunks and abusers with all the fury of a sun gone supernova.",0.32,0.486,0.194,-0.7357
fkueojd,fkfyfq,PlasticBrooke,"You've made a powerful ally/allies, OP. When you're in that house, there's nothing to harm you.",0.0,0.697,0.303,0.6858
fkunch8,fkfyfq,nihilistic-fuck,"ephemeral, whimsical, so poetically beautiful",0.0,0.354,0.646,0.6682
fkusetq,fkfyfq,purplishcrayon,This is fucking beautiful,0.0,0.417,0.583,0.6361
fktl81e,fkfyfq,July220,"Omg, I love this story. Iâ€™m glad you and your mom are okay now.",0.0,0.524,0.476,0.8442
fktsy2u,fkfyfq,Shadowcloned,"I was the broke boy who came to your house once in a lifetime, wishing he had those stars.

Then came along the glow stars! And oh mannnnn,here I am today!",0.108,0.831,0.061,-0.3578
fku6ujk,fkfyfq,deadhitter1,Boy these are the daddiest of issues,0.0,1.0,0.0,0.0
fku79ve,fkfyfq,huckster235,"Ah your stars were benevolent to you. 

This story reminds me of when I first became schizophrenic, I had an encounter with the Stars. It wasn't pleasant. 

I was 27, just off s bad breakup, couldn't sleep for weeks straight. One night after about 3 straight weeks of no sleep,  At about 4 a.m. I heard Metallica's Fade to Black playing but I knew it was in my head, but I went around and checked to see if it was coming from a neighbor's first. I normally sleep on my stomach, but I payed staring at the ceiling, wondering how my life had turned out like this, when millions of stars blinked into existence on my ceiling. 

I knew it was a hallucination, and I knew it was my brain projecting the stars, but I sensed their pure malevolence anyways. 

The stars also spoke to me, but not verbally. They shifted and aligned to form words. I couldn't read the words as I didn't have my glasses on (well played, brain), but I could tell that the words were malicious. 

Pretty wild what the brain can do without your consent.

But Schizophrenia is a nightmare. Half of me wants to think those stars are real so I can say I'm not Schizoaffective, but the other half doesn't want those stars doing what they did to your dad",0.041,0.88,0.079,0.8507
fkuqfmj,fkfyfq,WowCoolWowAmazing,"The lights were probably cameras, or maybe there was a civilization in your roof, and the reason your dad was dropped was probably an alien civilization doing it or smth.",0.0,1.0,0.0,0.0
fkv0l9b,fkfyfq,DarkArcher__,"""were never stars""

Were they eyes? That might explain the damage done",0.225,0.775,0.0,-0.4939
fkva2sm,fkfyfq,The-Super-Chugs,So the stars are the creatures eyes?,0.0,1.0,0.0,0.0
fksjvbm,fkfyfq,AuthorJoJo,I'm just happy my mom is okay.,0.0,0.472,0.528,0.6808
fkuwkm6,fkfyfq,AlmostDisappointed,What if it was just one with a lot of eyes?,0.0,1.0,0.0,0.0
fkt2aq8,fkfyfq,AuthorJoJo,I hope everyone knows that not every horror they face has to end in tragedy,0.207,0.516,0.277,0.1275
fksvlfg,fkfyfq,AuthorJoJo,Who doesn't love some dramatic irony,0.533,0.467,0.0,-0.5526
fkt1l8l,fkfyfq,AuthorJoJo,"I would to think I'll be a better father than mine was, if I can be what my kids find comfort in I'd prefer that

But should I fail I hope those stars will be there for them",0.115,0.702,0.183,0.2023
fkt81bf,fkfyfq,AuthorJoJo,"Not every horror is inescapable 

Wether it's or our own will or the help of others we can push on",0.0,0.76,0.24,0.6906
fktbo1d,fkfyfq,AuthorJoJo,May the stars watch over you,0.0,1.0,0.0,0.0
fktan3f,fkfyfq,AuthorJoJo,"I think I've heard one similar to my experience too. 

A girl had an imaginary friend that took the shape of a dragon. It's relieving to know I'm not alone",0.0,0.763,0.237,0.7536
fktfas1,fkfyfq,AuthorJoJo,I hope everyone finds the comfort they need,0.0,0.481,0.519,0.6597
fktcbi1,fkfyfq,AuthorJoJo,"Me too

You are not alone",0.0,0.742,0.258,0.1877
fktajc4,fkfyfq,AuthorJoJo,You're so kind,0.0,0.351,0.649,0.5709
fkt7xuj,fkfyfq,AuthorJoJo,"Where they came from I'm glad they were kind 

At least in my experience",0.0,0.652,0.348,0.7506
fktajzz,fkfyfq,AuthorJoJo,Those words were plenty. Thank you,0.0,0.667,0.333,0.3612
fktc5zt,fkfyfq,AuthorJoJo,I hope they comfort you,0.0,0.27,0.73,0.6597
fkvkhg8,fkfyfq,AweSomeHomelessGuy,Hungry like the wolf,0.0,0.545,0.455,0.3612
fktewri,fkfyfq,AuthorJoJo,Your guess is as good as mine,0.0,0.674,0.326,0.4404
fktrdkb,fkfyfq,AuthorJoJo,"I didn't meant to rack your brain.

I was a kid back then. So remember what I saw is hard to do. One night the stars appeared and it was shortly after I started hearing voices.

I thought they were stickers or something my mom had gotten me but she said there was never any stickers..

So something else had been watching over me those nights. I think.",0.02,0.98,0.0,-0.0516
fku6r9r,fkfyfq,AuthorJoJo,I'm glad you're okay too,0.0,0.38,0.62,0.5994
fktblqp,fkfyfq,AuthorJoJo,Oops. Bit of a typo,0.0,1.0,0.0,0.0
fktdu7n,fkfyfq,AuthorJoJo,Well I no longer am in that space if that helps,0.158,0.504,0.338,0.3612
fktqzsh,fkfyfq,AuthorJoJo,"I appreciate your kind words.

You can still paint something beautiful with ugly colors :)",0.13,0.356,0.514,0.8658
fktqx1i,fkfyfq,AuthorJoJo,"When I posted this I was worried people would judge my mother poorly as I've heard whispers growing up. 

I'm sorry you had to go through what you did but I'm happy I'm not alone.",0.07,0.713,0.217,0.7757
fktrepr,fkfyfq,AuthorJoJo,I haven't before but I will now,0.0,1.0,0.0,0.0
fktyywb,fkfyfq,XxsoulscythexX,"nah, kakyoin just used his final emerald splash for that kid",0.123,0.877,0.0,-0.1027
fku6k4z,fkfyfq,AuthorJoJo,Time vortex?,0.0,1.0,0.0,0.0
fkuamns,fkfyfq,AuthorJoJo,"I'm not a huge fan of them either. 

Thank you for your kind words",0.208,0.478,0.313,0.4545
fktr3b7,fkfyfq,AuthorJoJo,Thank you. I'm just happy she made it out when it reached its peak.,0.0,0.591,0.409,0.765
fku7l9p,fkfyfq,AuthorJoJo,Not any more,0.0,1.0,0.0,0.0
fkv0of8,fkfyfq,AuthorJoJo,That's my assumption.,0.0,1.0,0.0,0.0
fktdkp3,fkfyfq,ro_musha,"Little did you know that you eventually get to pay for the help one day....and that pay off is....to suck His Astral Dick

I know. Because it came to me...",0.252,0.672,0.076,-0.6486
fkt1qrp,fkfyfq,ShawnMendes13,Okay,0.0,0.0,1.0,0.2263
fktgvla,fkfyfq,AtomicBlastPony,"Makes you think. Maybe your father just failed too hard and needed therapy, not death?..",0.266,0.734,0.0,-0.5719
fkt846u,fkfyfq,chiskgela,"Right. I've been in some very abusive situations and found peace where I can..

Honestly the whole thing read like guardian spirits to me. So it certainly falls under hurt/comfort.",0.112,0.597,0.291,0.734
fktgum1,fkfyfq,MorganWD88,"Yeah I know what it feels like, Iâ€™ve never felt a bad presence but itâ€™s great to know thereâ€™s something good with you",0.0,0.52,0.48,0.9297
fkucscj,fkfyfq,nuggetman_o3,Ok good to know,0.0,0.282,0.718,0.6249
fktana0,fkfyfq,d-o-w-n-v-o-t-e-d,"I'm not kind, you're just a great writer.",0.234,0.421,0.345,0.3235
fktc7qe,fkfyfq,ISpitGlitter,Yeah they do. Like being out in the galaxy ðŸ˜Š,0.0,0.483,0.517,0.8658
fktms7q,fkfyfq,Ajacal1212,"considering i didnt have a guess, must be pretty bad..",0.0,0.686,0.314,0.4939
fktdw9z,fkfyfq,BreakableTime,Definitely.,0.0,0.0,1.0,0.4019
fku6nlk,fkfyfq,AuthorJoJo,Kinda weird that his stand was just watching me sleep night after night.,0.105,0.895,0.0,-0.1045
fktdvbc,fkfyfq,AuthorJoJo,Gotta do what you gotta do ðŸ¤·â€â™‚ï¸,0.0,1.0,0.0,0.0
fktu08w,fkfyfq,qualiky,I know. Because it came *on* me...,0.0,1.0,0.0,0.0
fktgzec,fkfyfq,AuthorJoJo,"I don't know what my father needed and it's unfortunate he never got the chance to seek it out..

I can't move on dwelling on that though. I need to take care of what I can with the reach I have now.",0.138,0.76,0.102,-0.1316
fkvj3gk,fkfyfq,m4n3ctr1c,"Sure, maybe therapy would have led him to recognize his shortcomings and seek to repair his life. But do you think this guy just needed 30 more seconds of beating his wife, and then heâ€™d check himself into rehab? Fixing up his life with therapy is a much less heartwarming result if itâ€™s court-mandated after heâ€™s arrested for murdering his wife and/or child.",0.189,0.742,0.07,-0.9029
fkuq3jj,fkfyfq,WowCoolWowAmazing,it came *~~^(IN)~~* *me*,0.0,1.0,0.0,0.0
fkth683,fkfyfq,AtomicBlastPony,"You're right. My point is, nobody deserves hate, not even your father, hate is what probably made him like this in the first place. This world needs more understanding, especially for people who seemingly don't deserve it.

Well, no use crying over him now anyway. I hope everything goes well for you and your mother!",0.217,0.673,0.11,-0.8077
fksqyp3,fkfyfq,GameBroYT,"Do you think you will ever see those stars again? Or rather, do you *want* to see those stars again?",0.0,1.0,0.0,0.0
fku1ody,fkfyfq,Bard420,"I disagree, some people do deserve hate. 

The fact that you just said that a grown man doesn't deserve hate for abusing a defenceless child and a woman is fucked up.",0.442,0.558,0.0,-0.9545
fkuh7bx,fkfyfq,turtlecuber24,"Although I do see your point, I agree with u/Bard420 's comment. Some people do deserve hate. Even if the poor kid's dad got any sort of therapy, it could never make up for the years of emotional and physical trauma that he gave to the child and mother. And if you can fuck a kid's life up that badly, then you deserve a lot of hate.",0.252,0.696,0.052,-0.9501
fksrc3p,fkfyfq,AuthorJoJo,"I hope to not see them. They were there when I needed them. 

I'm older now and better. I hope to never to need them again. If that makes sense",0.0,0.734,0.266,0.8271
fkugcww,fkfyfq,theneverendingvoid,"I think I agree with the other dude. A child does not know an emotion so strong as hate unless they were taught. Considering the actions of the father, I would assume that something tragic happened in the past, which developed such emotions and actions, and eventually boiled over and he lashed out on his wife and kid. While it is a horrible thing to do, you gotta think of the past. Nobody just does that.",0.126,0.793,0.081,-0.5751
fkus9nn,fkfyfq,AtomicBlastPony,"Like I said, hate made him be like this in the first place. How can he be responsible for becoming a broken person? And what's so fucked up about saying he needs therapy, not hate?",0.331,0.522,0.147,-0.9037
fkumpx9,fkfyfq,Bard420,"Of course nobody just does that however everyone is responsible for their own actions, we act out of our own free will right? 

It seems clear that the dad was an alcoholic and got physical/agitated easily. The dad could have just left. He could have spoken to his wife about his problems. He could have chosen to save the money he was spending on drinks. He could have chosen any other alternative but he did not. He chose to get drunk with his own money and be an abusive dick. 

Everyone is capable of making their own choices and he kept making very bad choices. If you think it's okay for someone to take out their anger on people weaker than them for no reason other than to let off some steam because they went through ""tough times"", from the bottom of my heart, go fuck yourself.",0.21,0.708,0.082,-0.9825
fkup1b5,fkfyfq,Bismothe-the-Shade,"Yeah, he was abused. That taught him to hate his father. That's how it works.",0.33,0.566,0.104,-0.7003
fkuwisb,fkfyfq,Bard420,"What I have a problem with is how you presented the abusive dad to somehow be a victim in this. Couldn't care less about the dads past. Everyone goes through some sort of shit but that doesn't justify physically harming woman and children does it?? 

Hate most likely did turn him into the abusive person he was. Doesn't give him a free pass. Makes him look even worse because he is aware of the pain he is inflicting on others.

I gOt PuNcHeD aS A KiD So ImMa PuNcH My KiDs ToO. Cmon..

He definitely needed therapy, I do not dispute that in any way. Violent people are generally that way because they struggle to express themselves verbally but did he choose to go to therapy? The only therapy he chose was alcohol and violence.

Edit: No one is responsible for becoming a broken person, we are all by products of our surroundings in some way, but we still have a brain with the ability to think for ourselves. It's common sense to know hitting someone is bad. That's why we have pain receptors.",0.274,0.656,0.07,-0.9942
fkux58x,fkfyfq,AtomicBlastPony,"I didn't say he shouldn't get a free pass, nor did I say he is a victim in this. I just said he doesn't deserve hate, doesn't mean he shouldn't be held responsible.

>Did he choose to go to therapy? The only therapy he chose was alcohol and violence

Mate, as someone who survived suicidal depression, I can tell you it's not that simple...",0.253,0.663,0.084,-0.9147
fkuzexn,fkfyfq,Bard420,"Sorry if I jumped to the wrong conclusions but that's the impression I got from what you typed. I'm glad you clarified that. I was just surprised that you tried to defend a guy who hit a kid

People who have experienced pain and then think it's okay to pass that pain on to others are the worst kind of people. I have no sympathy for them, they are fully aware of what they are doing and the effects it will have on the other person. 

As someone who has also survived suicidal depression I fully agree in that it isn't simple. Self destruction comes easy and feels therapeutic in some way. I still didn't feel the need to physically harm people, sure I was snappy and said hurtful stuff but not once did I think about physically hurting others.

Regardless of your opinions i'm glad you're doing better now, stay safe.

Edit: Typo",0.213,0.572,0.214,-0.4241
fkv0kvd,fkfyfq,AtomicBlastPony,"It's easy to judge someone when you've never been in their place. You know, most people can't do evil knowing that it's evil. This is where delusion comes into play. A broken person would have a broken sense of what is right and wrong.

I think we should hold people responsible for their actions but always have some pity for them, because we will never fully understand their story and what made them do it. Otherwise justice just becomes an excuse to be cruel to bad people. And the biggest delusion of all is that doing bad things to bad people is good.

Thank you, I hope you're doing better now too, stay safe as well.",0.181,0.581,0.237,0.6971
fkv352c,fkfyfq,Bard420,">And the biggest delusion of all is that doing bad things to bad people is good.

This is a tricky one because 'good' and 'bad' are very subjective. I personally don't judge things from the action itself, I look at the motivation and consequence of the action to determine if it's good or bad. 

If a kid was getting bullied and one day he snaps and punches the bully back and broke his nose. Would you consider that good or bad?",0.252,0.639,0.109,-0.9393
fktqg0x,fko21t,NoSleepAutoBot,It looks like there may be more to this story. Click [here](https://www.reddit.com/message/compose/?to=UpdateMeBot&subject=Subscribe&message=SubscribeMe%21%20%2Fr%2Fnosleep%20%2Fu%2FStairJumper) to get a reminder to check back later. Got issues? Click [here](https://www.reddit.com/r/nosleep/wiki/nosleepautobot).,0.0,0.885,0.115,0.4329
fkttjmu,fko21t,heidivonhoop,Peja is a fool,0.592,0.408,0.0,-0.4404
fktqrto,fko21t,PhatMidget,More please,0.0,0.278,0.722,0.3804
fku6k2c,fko21t,ZombieKatanaFaceRR,"What kinda insane got into Peja. First he dives into an unknown tunnel and then pokes a dragon with a stick. 

&#x200B;

What do the crystals mean? Is it diamonds or something?",0.087,0.913,0.0,-0.4151
fku9ud2,fko21t,Voyager-11,Peja is seems like a bit of a dumbass. Had it coming.,0.255,0.567,0.177,-0.2732
fkug5x8,fko21t,I_GoByV,Peja is a badass mofo I bet he ain't dead,0.239,0.351,0.41,0.3489
fkujcvr,fko21t,tech_daddy_dinosaur,I am really liking this series ... can't wait for the next installments,0.0,0.786,0.214,0.4576
fkv848r,fko21t,T1TpoBidprnp,I have so many questions. Hopefully there is an update soon.,0.0,0.752,0.248,0.4522
fkukk4c,fko21t,papa_stalins_pizza,Is this Emery or am I just stupid,0.362,0.638,0.0,-0.5267
fku439m,fko21t,MissGrace_03,"Ikr. Like, why the fuck would you pull at a devilish crystal creature with sharp teeth? He had what was coming to him, bro.",0.227,0.687,0.086,-0.6249
fku7odu,fko21t,whysoblyatiful,Probably ice Cristal,0.0,1.0,0.0,0.0
fkuj9wq,fko21t,XDuVarneyX,"Idk what they mean but he describes them like marble, iirc.",0.089,0.669,0.242,0.4678
fkurdo1,fko21t,PingusNoots,"bro Icelanders are fucking crazy, I would know",0.31,0.69,0.0,-0.4005
fkv7u3q,fko21t,tech_daddy_dinosaur,"For several years .... I wondered what the reason for various releases was .... now, I know. Thank you CGB_Spender for opening my eyes :)

LoL. I feel kinda stoopid now.",0.0,0.751,0.249,0.8074
fku83xg,fko21t,ZombieKatanaFaceRR,Ice doesn't form the kind of crystals that were discussed. It sounded like some kind of geode formation.,0.0,0.872,0.128,0.3612
fkux6vh,fko21t,ZombieKatanaFaceRR,It was the constant grinning that sold it.,0.0,0.737,0.263,0.3612
