storyId,comments
92y1kg,1
94672h,2
973p3a,1
97rtyq,1
98haya,1
9cisjj,1
9dluz2,1
9e6jwr,1
9ea322,1
9eocjj,1
9eyn1p,1
9g5d4j,2
9g6gg6,1
9gufxc,1
9ha8yh,1
9hd1do,1
9hfasj,1
9i265o,3
9ick0y,2
9jexcp,1
9l3ybs,1
9lbl9c,1
9lsanv,1
9lzs9l,1
9mjx71,1
9o1hi8,2
9ofsi8,1
9ohewo,1
9p5txm,1
9q01we,1
9qe3t7,1
9qejeg,1
9qwjp4,1
9qzpva,1
9qzt9j,9
9rgzf3,1
9sr7ry,1
9su5q1,1
9svejl,1
9t4l5e,1
9w8epw,2
9xfyz5,2
9xg0uw,1
9xpjfy,1
9xzuxg,1
9ys2bi,1
9z3cm6,2
9zaswk,1
9zin2g,1
a002ub,1
a0bw88,1
a0hx5t,1
a0vz3f,5
a0z5qx,1
a1dp2r,1
a1xyn9,2
a23vjd,1
a29nio,1
a2idn5,2
a2qhzs,1
a2w4no,1
a33nod,2
a48i3d,1
a4o7d2,1
a5fdb7,1
a5kt33,1
a64o2m,1
a6ancd,2
a6dbp9,1
a6kbfh,1
a6w6by,2
a6w7zz,1
a6zb46,1
a720dj,2
a7fr0w,2
a7ggtx,1
a7hj6s,1
a7o7ar,2
a7vhm0,1
a7x306,1
a7y5va,1
a7yb1o,1
a83qyx,2
a89au7,1
a8b9ld,1
a8gbww,1
a8itkl,2
a8mjru,1
a8xakj,1
a8xq4n,1
a94zyo,1
a99b2l,1
a9cmk4,1
a9eip3,2
a9jers,1
a9n6jd,1
a9si5n,1
aaao23,1
aabc3s,1
aabtdz,1
aabw94,1
aaeary,1
aaepti,1
aaftsc,1
aakhv3,1
aanv6i,1
aaqmhr,1
aasqkh,1
aat39j,1
aau0rw,8
aaverm,4
aazyi3,2
ab0zph,1
ab6hr9,2
ab6i3q,3
ab8zpw,1
ab90k8,2
ab98ft,1
abadnu,1
abaegx,2
abaik1,3
abapky,1
abbq4s,1
abc4xo,5
abcco8,4
abckml,1
abco15,1
abcv3p,2
abd1fa,1
abe66r,1
abelzp,5
abf4r3,1
abg11q,1
abgcly,6
abgfyo,1
abgzs9,15
abhkkk,1
abiax3,2
abjcv6,4
abk87c,1
abl90b,1
ablnle,14
abmgbh,5
abmutb,1
abmvsj,8
aboj97,2
abotoe,6
abpce1,1
abptqr,1
abqeym,1
abt7cf,4
abtx27,1
abutcz,3
abuzy4,1
abwj01,1
abwkyo,2
abwwgq,2
abwwjx,1
aby8yi,5
abyhv8,2
ac0xov,1
ac1b7o,1
ac1d0h,16
ac25nb,6
ac2r3w,1
ac3r42,6
ac4aun,1
ac5zs4,1
ac650s,1
ac6cia,3
ac79lz,13
ac7iig,2
ac7x9u,1
ac8pg8,2
ac96ew,6
ac9xbp,2
aca6o1,2
acb27l,1
acb58k,2
acb88u,2
acba6f,1
acbbjq,1
acc5ez,1
accnpw,1
accq9e,2
acdwc1,8
ach2j4,6
acjk2m,6
acjlgv,1
ackmeg,1
acl77u,1
aclfkw,2
acm8ea,1
acmcoj,2
acmg2y,4
acn2tv,3
acnv1v,1
aco9ft,1
acosit,3
acosyc,1
acot2v,3
acoubm,2
acp8hx,1
acp8le,1
acptpg,1
acqd74,1
acr90o,8
act56z,1
actf5w,4
acub5p,2
acvji1,1
acvuc1,3
acw9t9,2
acwt1x,1
acxdim,2
acxj81,1
acy2mn,1
acy7go,1
acyaxb,20
acyced,6
acz6m9,2
acz7f4,1
aczgwd,2
aczl71,1
aczlc5,2
aczmk7,2
aczqc1,3
ad0f13,1
ad1zpd,1
ad3i3q,1
ad5zto,11
ad66yx,1
ad68es,1
ad6915,1
ad6xqm,3
ad7c2y,1
ad88x0,3
ad902p,2
ada3iw,1
adaqvn,7
adch7q,2
addkfh,7
addkz9,1
addx0k,7
adeodq,6
adf9lo,14
adhfmg,10
adhtfl,1
adhype,4
adi87p,1
adiaq1,2
adipws,1
adjink,2
adjon1,2
adjpjs,1
adkaoz,1
adkihh,1
adkw3e,1
adl72s,1
adm2xo,2
admwe0,1
admywu,2
adn2pc,1
adn5d4,1
adnd2u,1
adnss2,1
adnywz,1
adobge,1
adp451,2
adpati,1
adpur5,1
adqcdt,1
adqgrm,2
adt7vs,13
adusb2,1
adw25c,1
adz7k4,3
ae02e6,7
ae1lax,2
ae1q0s,3
ae1wp9,1
ae2ipk,11
ae2lt7,18
ae3c7e,5
ae3d8r,1
ae3hfe,1
ae407a,7
ae4atw,1
ae4kjg,1
ae5edq,32
ae6l1r,4
ae7evg,4
ae7kep,2
ae8fhq,1
ae901j,8
ae9f9p,1
aeaelm,4
aeaupm,1
aebokw,3
aec22r,2
aecsz6,1
aeg13z,1
aej0x5,9
aekguj,1
ael6js,3
aeldui,1
aemxks,2
aenftg,1
aepb50,4
aepykc,1
aeqdqx,2
aeqnwe,1
aeqq2v,1
aeqsus,1
aerezt,4
aerhad,15
aes499,9
aesk0w,5
aesnjg,1
aet26k,2
aet5hv,1
aet67p,16
aetlh0,1
aetsi0,3
aeuvdk,4
aev4s5,1
aev77j,2
aev7aa,22
aevc64,3
aevkml,2
aew4ga,1
aew6hc,4
aewxpp,2
aewxqi,1
aexavr,1
aexs2y,1
aexs4k,1
aexy67,1
aey6qk,2
aeykk2,3
aeym0g,1
af0nux,1
af0w0n,1
af13t5,2
af15lo,1
af1f7b,1
af3xxl,1
af42iq,1
af5brs,4
af5gqn,1
af63k7,2
af8ahc,1
af8g33,1
af8t5i,1
af9l6b,2
af9wk0,1
afbmzj,2
afc9wd,1
afcjhc,4
afd2nk,1
afdezr,1
afdofh,1
afdu9i,1
afe3mc,7
affacs,21
affh70,1
affohu,1
afgod7,3
afgoh6,5
afhgu4,1
afi2lb,1
afjkiu,3
afkb13,4
afkuf5,1
afld6t,1
aflt2i,2
afmab4,15
afnihq,1
afp1w7,5
afq7jm,1
afql4m,3
afqy1s,1
afrgjx,1
afrki3,1
afs2ku,1
afsc5n,1
afu3gg,1
afve01,1
afvg62,2
afw394,1
afx4u8,2
afxoi9,3
afy53w,1
afyz7s,6
ag0mj3,2
ag0oy8,3
ag0qwe,2
ag1j1i,2
ag241o,3
ag2ciq,2
ag2qnc,1
ag2t8w,1
ag36dz,1
ag3sxs,1
ag4cah,3
ag4cml,1
ag57u3,1
ag6gg7,4
ag6p5f,1
ag6qg9,19
ag6w0s,1
ag6whi,1
ag845k,1
ag8t2z,1
ag8ujn,1
ag9ah2,5
ag9uei,2
ag9z4c,10
aga9py,1
agakh1,2
agbhme,1
agbxun,2
agc3we,26
agcfrl,4
agd8qq,1
agdugb,9
aggb8e,1
agh6fh,1
aghl54,3
aghul5,1
agib40,1
agilgg,2
agjcvl,3
agktmi,1
agkxz4,1
agml8s,1
agptkp,1
agqyeg,1
ags3xl,9
ags7ik,1
agsrb9,21
agt1lx,1
agt4b8,1
agtjzr,1
agusm1,3
agutob,1
agux2e,3
agv0ww,1
agv8qm,1
agva0q,2
agva1o,3
agvkd6,1
agvt3z,1
agvydg,3
agxowz,2
agxpdq,1
agy5hm,9
agy9w9,4
agzkmj,5
ah03sn,4
ah0ckf,11
ah0cnb,3
ah0l8w,1
ah1e6i,2
ah1foa,1
ah1ly2,1
ah23w4,1
ah2902,4
ah2g05,1
ah2g82,1
ah2q8q,1
ah364t,1
ah39kb,1
ah5voh,4
ah5xz4,2
ah6baf,1
ah6sj1,1
ah765y,2
ah82qf,3
ah8ldr,1
ahail4,1
ahamzi,2
ahbs9a,4
ahbvkz,1
ahchd8,1
ahd767,1
ahf5t2,1
ahfc04,1
ahfzii,2
ahgmct,3
ahh824,8
ahhcya,7
ahhd82,1
ahhfvg,5
ahhs5p,1
ahhyi1,1
ahio2n,2
ahjvs9,1
ahk1uf,1
ahk23d,10
ahm5va,3
ahm628,3
ahm8xe,1
ahmowf,1
ahnfap,1
ahojld,2
ahpljj,12
ahpo8r,5
ahppz6,5
ahq0k2,3
ahqpfe,1
ahrg3r,2
ahrgud,4
ahrp2q,2
ahruu6,10
ahrvfk,2
ahryhv,5
ahs15k,1
ahsoxb,2
ahu3f0,2
ahuhcu,1
ahuluc,4
ahv6w9,1
ahvcsi,1
ahvjkk,1
ahvjx9,8
ahvrsp,1
ahvse1,1
ahw4aj,1
ahxx2z,3
ahzdxz,1
ai0ulz,1
ai1f6f,1
ai1r5q,3
ai1rdx,2
ai2sug,4
ai41d3,85
ai42qi,2
ai4d86,3
ai57qd,2
ai5em3,2
ai692w,1
ai6qnw,1
ai7ebg,1
ai830p,2
ai8dqy,6
aia6qx,4
aiabrd,22
aiar2g,1
aiaze5,2
aibqc7,5
aibvwh,1
aicu7l,1
aicz1a,9
aid0xb,6
aid2fk,1
aid9u8,1
aidqom,2
aif617,1
aifgfs,1
aifomu,1
aifq5o,1
aigu05,1
aigz03,1
aihr7p,1
aij9kc,1
aijeop,1
ail7gk,3
ailm1o,2
aimsi5,1
ainnml,4
aintjh,1
ainwrt,2
aio8f0,3
aioxfi,2
aipjhh,1
aiqg6z,1
aiqopf,1
aiqr5b,1
airx89,1
aiswcv,4
aiswyu,1
aitk8v,1
aitt5t,2
aiu5km,15
aiukw0,2
aiwxi1,1
aixakj,1
aixh56,1
aixuph,4
aiyd5e,1
aizg4r,9
aizqnx,2
aj0pja,1
aj0tb6,1
aj10tx,1
aj1tbr,1
aj1yr1,2
aj39fg,3
aj3m5m,1
aj40zp,4
aj47fc,13
aj4i2o,1
aj51xw,1
aj5ia2,1
aj81ml,3
aj8bwc,2
aj8gd7,1
aj92ss,6
aj9b76,1
ajc6rp,2
ajc7db,1
ajcf9a,1
ajcgv4,6
ajd0cy,1
ajdimh,1
ajgcvb,1
ajgyo9,15
aji7v8,3
ajiwsj,16
ajjfao,3
ajjlpm,3
ajkaqx,2
ajkbeg,3
ajkh3n,1
ajl6hj,1
ajldlg,1
ajlesi,1
ajlhg2,2
ajlobt,2
ajm362,1
ajmffl,5
ajmupb,3
ajn7zp,1
ajnowq,4
ajoabh,2
ajoym5,3
ajpd35,1
ajpdj5,1
ajpmnx,4
ajppcr,1
ajq950,3
ajq9i2,5
ajqebo,2
ajqlo1,1
ajri4v,1
ajrsvv,2
ajrtpp,3
ajrxtq,5
ajs9ei,1
ajsqc6,1
ajt2ng,1
ajt59l,2
ajt6vy,1
ajv7ah,5
ajxxv0,6
ajy0wp,1
ajyy3q,1
ajzr9b,3
ak0b53,1
ak1hn6,3
ak1n2l,2
ak1v1s,3
ak2bh3,7
ak2ta0,2
ak3qwz,1
ak4cob,2
ak4ssn,15
ak5qpf,1
ak7xoo,3
ak88fb,1
ak8m6x,9
ak8rqu,1
ak93ed,3
ak965f,1
ak9m6a,2
ak9vmb,1
aka5ho,5
aka85v,3
akaqu3,8
akatxl,1
akc6b5,1
akchsm,3
akclma,1
akcnn9,5
akcxxf,2
akdgtt,2
akdkuf,2
akdqcv,1
akdskn,1
akejc2,1
akffzz,16
akfyy8,3
akh2m1,1
aki2ws,1
akjxnj,2
akk2wb,2
akmh8n,4
aknpb7,2
akoebi,1
akp19m,4
akp6lz,1
akq73t,3
akq93u,1
akqyeg,9
akrjsd,8
akrwjx,2
aks55m,1
akss6j,2
aku4g9,1
akuv3z,1
akuzen,2
akvibu,1
akwj8c,1
akwjix,21
akwmg7,1
akwo9g,24
akwprz,2
akx1vf,1
akx4h0,4
akx6x5,1
akxjiy,2
akxkxc,1
al0ioy,3
al0mjk,2
al1jj4,2
al1r60,1
al26y7,1
al2j2x,35
al2uni,4
al32cn,1
al3kn3,2
al4ev3,1
al4f5k,4
al4gup,3
al5sy6,7
al78ae,1
al9kp8,1
al9rn9,2
ala90g,1
alaeu6,2
alb4mp,1
albt6z,5
ald898,3
aldsrc,1
alfeq9,4
alga94,2
alhlgh,1
alhptl,1
alhuqf,1
alk533,4
alkf16,4
alkgwo,1
alkp5e,1
all2n0,2
allod7,1
allp9t,1
allrjf,5
almnd9,1
almymr,1
alnc51,1
alngzw,3
alo3ru,2
alodki,1
aloluw,1
alp8vw,2
alpnti,1
alppnj,1
alpt3j,2
alq2t7,1
alq5sg,8
alr5ia,1
alrpvm,40
alrux2,1
alseg6,13
alsyrq,1
alt336,2
altd1a,1
altilw,1
altrqo,1
altyqh,1
altzmm,1
alugh9,2
alujdc,2
alvrfi,2
alvv3l,1
alw3qg,1
alyyss,4
alz7iw,1
am2d6k,1
am2dir,1
am2hop,1
am3o4q,1
am4l8c,3
am4yvx,2
am59df,17
am5arb,1
am6nho,2
am769v,2
am76to,3
am777d,1
am7w8b,1
am8hrj,4
am8jly,1
amacjn,4
amb0m7,1
ambbbf,1
ambcnw,19
amc3at,6
ame1ix,1
amf2cj,1
amf8gq,3
amfbrg,2
amfnnc,4
amgh2t,4
amgl8z,1
amh7uy,2
amhyrs,1
ami0cd,18
ami609,2
amio2p,2
amjry1,2
amkol7,1
amkusa,1
ammagl,1
amnwq5,2
amosjc,1
amp3kj,2
amqcec,1
amqwu2,1
amrosz,1
amschb,4
amshmn,1
amv6f1,1
amw24i,1
amw5s0,2
amwn0b,6
amx99i,1
amxttl,1
amxuh4,3
amy80f,5
amyh6g,2
amzyqq,7
an0s3x,39
an1fr6,2
an1q6v,1
an22wk,1
an2mh0,1
an2p0e,1
an46ls,1
an4ft3,1
an4pdd,6
an5lgp,14
an64pc,2
an6spc,1
an734p,1
an9d22,1
anc0x2,1
andte8,1
ane1gd,2
anebrs,2
anegtp,1
aneybu,1
ang9dq,3
anhezi,2
ani8sz,6
anirn1,2
anjlq4,1
anjpvp,1
anjt1c,1
ankeoq,2
ankntl,2
ankpoq,8
anl9oh,3
anm8rs,1
anmwzs,1
annyar,1
ano3hj,1
anotz3,4
anoz0e,2
anp4yt,1
anpy35,1
anq3zt,25
anq4cy,1
anqhcn,1
anqkrg,3
anqokf,1
anqx7d,3
anqy93,2
ansk5k,1
ant2hs,30
antqdt,1
anv2eu,1
anv3xf,1
anvfek,1
anvlyy,1
anwwxr,2
anwyv1,1
anxy0c,2
ao0olw,5
ao1uz8,1
ao3l64,3
ao4mu9,4
ao5y78,5
ao7hya,1
ao7jc1,1
ao8aw3,8
ao8gsx,3
ao9wiy,1
aoajwp,2
aoal9g,11
aoarly,1
aobehd,4
aocwe2,6
aod1uu,18
aod95a,2
aoez54,2
aog10g,1
aog2rp,12
aoghl8,1
aogiq8,1
aognbw,16
aoh2na,1
aohdwu,1
aohk2s,1
aohosb,2
aohqwa,1
aoi2na,2
aoiko2,1
aoir9u,34
aojfjz,2
aojizm,4
aokuhd,5
aol2qz,1
aomcbv,1
aomgb6,1
aomjji,1
aomnpm,1
aomxha,1
aon8l5,1
aone7o,1
aono7d,2
aons3j,1
aoolu4,1
aoou8h,2
aordpt,1
aosfoc,1
aot19d,17
aot6wp,6
aoudl3,1
aoustl,1
aovwbb,6
aow09r,3
aoxua8,2
aoy03t,1
aoy0vb,1
aoyr2q,2
aoyrz6,4
aoz3ad,1
aozdnj,1
aoze7y,1
aozt3z,3
ap0d3n,4
ap1ag7,1
ap1hc7,3
ap26bu,3
ap29bz,10
ap4cvr,1
ap4xk4,13
ap53yb,1
ap55b7,1
ap5ri7,1
ap66qc,1
ap6ghm,2
ap6mrd,1
ap703c,1
ap70i6,1
ap71d7,8
ap851o,1
ap85kj,1
ap92hd,1
ap9mxs,14
ap9w3g,1
apa3n4,1
apazdg,1
apbf3n,1
apbrz4,1
apc3nh,1
apcuh4,6
apefqn,1
apgaz7,10
apgic4,2
api87a,1
apibw2,2
apidtr,2
apifrf,4
apig1j,2
apj6sm,1
apjfns,1
apjfus,1
apm5y6,1
apmj1m,1
apmmpb,1
apmutn,1
apo6zt,1
apobrw,1
apop4e,2
apoujo,2
appwfb,11
appwqf,1
apqw9g,8
aprels,8
aptpiu,16
aptsxa,7
aptzme,4
apupdj,1
apv2cv,2
apvn55,3
apvrtn,2
apwlor,6
apwqh0,1
apxcxw,3
apxu4w,2
apxu6p,1
apytrj,1
apz0cs,1
apzb3h,6
apzur5,2
apzvgy,3
aq1apt,1
aq1nsz,1
aq2q3t,1
aq2v3w,1
aq37g0,2
aq3biz,10
aq3hjq,3
aq5mxk,7
aq6snn,2
aq8mh2,3
aq9dy5,4
aq9wsa,3
aqa88g,1
aqblam,1
aqc0hv,12
aqc3aw,2
aqcjpz,1
aqd1py,1
aqdcyd,1
aqdeoi,1
aqdsfk,1
aqemy8,1
aqfcu9,1
aqfy8a,2
aqg834,6
aqg8fp,1
aqgb2j,4
aqgcl9,2
aqgkvo,2
aqhup1,1
aqjeqr,4
aqjhv6,7
aqju91,1
aqk4u0,1
aqk67o,4
aqkot6,3
aql3zw,1
aqmkey,1
aqmrif,1
aqms1n,2
aqnjkb,4
aqnx7r,2
aqom9e,13
aqouny,2
aqpo5s,4
aqpqy6,1
aqq9qm,1
aqqee9,1
aqqesy,2
aqqyxo,2
aqrbka,1
aqrxgl,1
aqsuyv,4
aqv0kr,6
aqwjti,2
aqwqex,34
aqwtyn,1
aqz5pt,1
aqzrnv,1
ar0b9d,1
ar0i4y,1
ar0so2,1
ar14qq,1
ar1e52,1
ar27tk,1
ar36ia,6
ar4a96,2
ar4i9m,1
ar4law,1
ar4o1v,4
ar4odl,1
ar59s8,13
ar6l2m,1
ar6qhu,1
ar6t0x,1
ar7law,1
ar8fyl,27
ar9wm6,1
ar9x7t,2
arar87,1
arazw7,1
arb8ua,1
arb9wb,1
arbtgy,1
arca38,2
arcebg,1
arcjz6,3
arcze7,1
ardca2,2
ardooc,1
ardt21,1
ardzi7,1
aren8v,4
areuia,3
arf123,12
arf9z9,2
arg8x8,3
argvfn,3
arhju2,1
ariued,2
arj49m,1
arl6v9,6
arlts6,1
arlx93,4
armewh,1
arnmde,1
arnw1g,1
aros3o,1
aroy5z,17
arp4gy,3
arq0uf,1
arq4re,6
arqnrv,2
arqqt7,1
arr8rp,1
arrell,4
arrq1a,1
arshcw,1
art7oh,1
art84h,1
aru0sy,1
aru57l,2
arude0,2
arw3tn,1
arxp58,5
arybh0,1
aryhbr,2
as001m,1
as18w6,26
as1a7o,1
as46kf,3
as4bqm,1
as4ctu,5
as5rhb,1
asb5v8,3
asbkqt,8
asd21p,2
ase3vi,1
asetq2,1
asfh1i,1
asgcze,2
ashn1d,3
asj1sy,2
asj3br,1
asjk6n,1
askiaf,2
askr34,5
askynf,5
asmk8b,2
asno97,1
asoram,12
asoznu,2
asp02a,1
aspjwg,2
aspq5t,1
asq0xt,1
asqadd,1
asqdkn,11
asqi9u,1
asqnvh,1
asqqdd,3
asqu2v,3
asr2l7,1
asrfsq,4
asrlg7,2
astg5o,1
asthcp,2
astnkv,11
asu61d,3
asuaoo,3
asufv7,1
asv1mb,2
asv38t,1
asvfw2,1
asw546,2
asx2m0,1
asxcli,1
asxjwt,2
asy3tk,1
asz0fd,1
at039m,1
at0vpt,11
at1fb3,1
at3lrh,2
at4asv,1
at536u,2
at5c64,4
at5qbh,9
at6a5m,2
at6x8u,1
at72oj,3
at7hfe,2
at7rrs,1
at87im,2
at8a4j,4
at8ne0,5
ata12i,1
atb9sc,2
atbiex,16
atc4sj,2
atcc80,1
atcntd,2
atcvp0,1
atd170,1
atempz,17
atexjx,4
atfgjn,1
athlv1,3
atin2s,2
atjcnn,3
atju4r,1
atk4sb,3
atkexf,1
atkgwm,1
atkjis,1
atktts,1
atlcbn,18
atlxq0,1
atm2sp,1
atm96k,1
atmgxm,1
atmp15,1
atmpac,1
atn9q9,1
atnmaj,1
atntuy,1
atpd8c,1
atpq17,1
atro5n,1
atsq6m,1
atuis7,1
atulaj,1
atvd00,1
atvpln,4
atx4et,1
aty878,1
atz5tl,14
atzs91,1
atzsnn,3
au0yll,2
au1bdu,3
au1i78,2
au2lar,8
au335c,1
au3m34,1
au49gy,1
au4ce1,1
au4eix,4
au4gst,3
au5nwe,3
au7jm4,4
au7ml1,1
au87rv,4
au8ab7,15
aua809,2
auayd7,4
auayrm,2
aub1kz,1
aubc0s,3
aubkvi,1
auc27n,2
auc9iw,3
auc9yn,1
aucftg,2
auclhv,1
aucmc7,6
audc8i,1
audixf,1
audjm8,2
auezw3,2
auf1bc,1
aug3tf,5
aulpmy,1
aumt7p,3
aun18e,1
auoj4f,1
aupvhg,1
aupyuv,6
auq44x,1
aurnbr,1
aurztm,1
aus0b1,2
ausck1,2
ausglt,5
auuo4j,2
auupj7,1
auuqy9,2
auvq50,1
auw879,2
auwbwu,2
auyxpt,15
auzk8k,1
auzpu7,7
av0bx3,1
av0g17,1
av0idq,1
av0ktn,2
av0qqm,3
av0r7z,1
av11tv,2
av1678,1
av1n9d,2
av3hmc,34
av3rgb,1
av485r,16
av565h,1
av5lzg,1
av7d1j,2
avbhed,2
avcuvr,1
avdrfq,1
avds5c,2
avf3u0,1
avfceb,1
avg60j,1
avgya3,1
avi88g,1
avkq28,1
avlc0a,4
avlz0d,1
avmbjd,1
avmboa,3
avmka3,2
avmr0i,1
avmsau,1
avn14b,3
avndd4,1
avnhtu,7
avnmcv,1
avnyr0,17
avofss,2
avpgx3,3
avr5iy,6
avrsiy,1
avskhj,4
avt2wu,1
avtseg,2
avu1oo,2
avurv2,11
avv1v6,5
avvbbl,1
avvbd8,1
avwcw7,10
avxbrb,1
avyda4,2
avyzl3,1
avzsep,2
avzvjo,2
avzzi9,1
aw05i0,1
aw0ihv,1
aw0kzn,1
aw179u,1
aw436m,4
aw4j6y,2
aw4tr6,3
aw5h3y,6
aw61l1,4
aw7oar,4
aw8dxd,13
aw8ild,1
aw8msq,2
aw8q7v,1
aw8qie,1
awa61m,1
awbxpm,2
awc3ey,3
awc56v,2
awcjo2,1
awck5t,1
awckcl,3
awcmlf,1
awd27d,10
awdzux,2
awe3e5,1
awe9ed,8
aweakc,12
awefkm,2
awgyvf,11
awh36m,1
awhk80,1
awi922,4
awj7i1,2
awjsxf,5
awkda0,1
awlf7a,2
awlpy8,1
awlw26,23
awm83w,1
awmt23,1
awnbf6,1
awnjfy,1
awno05,1
awo0s8,1
awo53n,1
awo7wl,1
awoas7,5
awofcv,2
awp7yg,7
awpbdd,2
awpqkj,1
awpydw,1
awqben,1
awu6m6,6
awwity,3
awwzgt,6
awxlre,4
awy9lt,1
awzp1d,6
ax0yv4,1
ax0zbj,2
ax1hod,1
ax1pj7,3
ax1uou,1
ax2i56,1
ax2nyq,1
ax4gwu,3
ax5e9h,3
ax5k0z,30
ax6548,16
ax6chj,6
ax8h82,1
ax8l3o,1
axahaa,1
axahso,2
axaxvg,9
axbm5n,1
axbtoi,2
axcfen,1
axchoj,3
axco6y,3
axe395,1
axemvn,4
axfv8q,1
axg9uj,1
axl197,1
axl94z,2
axljsm,1
axly38,8
axm5wx,1
axn6fc,4
axng61,2
axpijg,1
axpmec,10
axpvyc,1
axqnl8,1
axrmcu,2
axsxch,1
axt9k0,16
axv7i5,1
axv8q9,1
axv8th,3
axvjc4,15
axvrdz,1
axxvx8,10
axxwut,1
axyjnf,3
axzfi4,7
axzhsg,16
axzusb,1
axzv86,1
ay09yo,2
ay0h86,9
ay134x,1
ay1btp,1
ay1fbo,1
ay1y6o,5
ay22xn,1
ay23ku,5
ay25zh,1
ay30hs,10
ay3uyg,2
ay3v6a,3
ay5bfn,1
ay6og2,1
ay8aub,2
ay8b1r,1
aybr1i,4
aycezg,21
ayde34,1
ayekd7,1
ayf5jf,1
ayfrsz,1
ayfulj,3
ayh3bb,1
ayh4cu,1
ayhco3,1
ayhpfe,1
ayhtdv,3
ayhvjp,2
ayivq0,2
aykomh,1
ayl6m1,1
aym331,4
aymck8,4
aymmk9,3
ayne21,1
ayne51,10
ayneld,1
ayom2p,1
ayphcg,6
ayqkmy,2
ayqoi0,3
ayr1fc,1
ayr5tp,6
ayrert,1
ayrkp9,15
ayrr76,3
ays9fw,3
aysh3c,1
aysq68,1
ayte4n,2
aytixn,4
aytphv,1
aytsjc,1
ayunet,1
ayuxcx,1
ayvdon,1
ayvtzc,1
ayw2g6,2
ayw5q9,1
aywogi,1
ayxagk,2
ayy98b,2
az04oe,1
az0zcs,4
az4rs3,1
az5r66,15
az7bnw,1
az8t2h,1
az8zxg,1
aza6k2,1
azajhm,1
azaq87,1
azawma,1
azce7y,4
azckyb,5
azcpad,1
azcqdp,2
azcqo2,7
azd1gw,2
azd810,1
azdv5s,1
azej71,16
azfc0p,3
azgc2n,1
azgea4,1
azgrgd,1
azh57i,1
azhm72,2
azhptc,1
azhx4h,5
azhzpe,1
azi7j3,2
azimv8,1
aziq7w,1
azirlz,1
azjano,2
azk6th,1
azlbed,2
azldwv,1
azlj87,1
azlmpe,1
azm28u,1
azmayp,1
azmdif,2
azmmdz,1
aznund,1
azowoq,1
azqrud,3
azrv2e,2
azs41l,2
azse13,2
aztols,1
azurn5,27
azw37m,1
azw58i,1
azwcba,3
azwfjz,1
azxuth,1
azyb49,2
azzwdj,1
b004me,1
b00gv4,1
b024zr,1
b02ylx,1
b033ml,1
b03sey,4
b051bu,10
b05501,20
b05yqd,6
b06hed,4
b07c0l,20
b07ios,3
b07p3v,1
b09wkx,1
b0a7z6,1
b0awgw,13
b0bcm8,1
b0bley,5
b0bvwm,2
b0bww0,1
b0dtzj,1
b0dxy6,3
b0ekcs,11
b0ft1z,1
b0gz0a,1
b0j86n,2
b0jsyz,1
b0lu27,3
b0mojs,1
b0mrsb,1
b0mw6n,3
b0pcmd,2
b0pysm,2
b0pz14,1
b0q62v,6
b0qdsb,11
b0qezi,2
b0r8fe,1
b0rhfk,2
b0rq40,3
b0s1vz,3
b0s5kr,1
b0u5xi,1
b0ucfp,1
b0vifo,12
b0vu5w,3
b0vw0y,3
b0vwdn,1
b0weeu,1
b0widv,15
b0ws9d,2
b0wxim,2
b0y4hn,9
b0z2ti,1
b107kx,2
b10wh6,2
b11222,8
b112do,1
b11qee,1
b11zni,5
b121h5,1
b12o0k,4
b12tue,2
b137cc,1
b13mdr,1
b13v4j,1
b141m8,1
b14fvv,6
b15mnc,1
b16bfg,6
b17jb7,1
b17ohy,1
b17q8x,1
b18wl0,1
b1cede,2
b1dcfz,2
b1faxb,1
b1fwxk,1
b1gabv,1
b1gzj6,4
b1h5i8,1
b1hbar,1
b1hic3,1
b1ie7e,1
b1iuwf,14
b1k7m0,1
b1lkdi,1
b1mxzu,3
b1nb51,2
b1nivj,1
b1nos8,5
b1of45,1
b1p22n,2
b1pg8k,2
b1pj41,8
b1q83h,1
b1rs2e,2
b1s14t,20
b1tcjo,1
b1tngs,3
b1u2rn,4
b1u6am,1
b1uhdv,1
b1uifl,3
b1v6ff,3
b1wnu5,1
b1x2x0,1
b1x36h,2
b1xsw6,1
b1y6gy,1
b1yhqd,1
b1z1p1,1
b202ep,1
b206ak,1
b20cxj,7
b20gme,2
b20h5t,1
b20qjq,1
b217pv,1
b22uyu,2
b24viu,11
b25ie5,2
b284w1,2
b28qul,1
b2905w,1
b292ay,5
b29win,2
b2al1g,2
b2anxk,21
b2b3ok,3
b2cuet,1
b2czo7,1
b2d0lo,2
b2d7yk,2
b2dlf6,1
b2dnmz,6
b2dza0,2
b2efj9,1
b2eukh,1
b2ewlh,1
b2fz5h,1
b2gb8z,3
b2hg7o,1
b2hjeb,1
b2i5dh,28
b2i7a2,3
b2kjwg,2
b2l584,3
b2luhq,3
b2mi54,9
b2mo6j,2
b2ne2n,1
b2nobb,3
b2nq6a,3
b2nw73,1
b2nx1t,1
b2nze3,1
b2o351,1
b2o92k,1
b2o96f,1
b2oztw,6
b2r1f0,1
b2s15r,1
b2sgkd,3
b2w2og,1
b2xaqo,3
b2xm9y,3
b2zh31,2
b2zxjt,1
b300oz,1
b32qya,1
b32t3g,2
b33emx,19
b33hb5,5
b33z7d,1
b34tnt,1
b35r01,1
b36mbj,1
b36ye1,1
b3751l,2
b37nuz,7
b37qu8,1
b382kx,5
b3863d,1
b38901,1
b38alg,1
b38k5d,3
b38men,2
b39uqf,3
b3bhqe,21
b3cmbz,3
b3d41n,10
b3dm6g,2
b3ey47,3
b3f92n,3
b3fd7g,1
b3gd0g,1
b3ihvx,1
b3k4la,1
b3mlea,1
b3nd42,1
b3norh,1
b3ppqf,1
b3q2xl,35
b3t6vt,2
b3taub,2
b3ubn1,1
b3v668,1
b3wedk,2
b3x8ah,1
b3xdlo,1
b3xoeu,2
b3xvmk,1
b3y3c7,7
b3z612,1
b3zdfa,1
b3zmbh,2
b3zwv4,1
b40g0k,3
b40gr1,8
b40vav,1
b41j94,4
b41pva,12
b44d0k,3
b456lf,1
b458j8,1
b459zy,1
b45op7,2
b46duc,1
b46rg7,1
b47e8s,2
b47wov,6
b48brc,1
b48di2,1
b48sjk,13
b493ii,6
b4c78w,2
b4cd39,1
b4cxwe,1
b4gc0v,1
b4jbal,3
b4jxdp,3
b4kc2r,2
b4knlv,6
b4kv34,1
b4lku3,2
b4md3k,1
b4me6a,1
b4miyh,12
b4nqvs,1
b4p8db,2
b4pes1,1
b4q7jt,6
b4q9yo,1
b4qzrt,1
b4riq8,1
b4rvr0,3
b4rzrz,1
b4sirp,1
b4ti2i,1
b4tlw2,1
b4truu,1
b4u1t2,2
b4uazu,1
b4v24h,4
b4v447,1
b4v4oz,2
b4vcme,1
b4vfa5,4
b4vsp0,2
b4vyxc,60
b4w38f,1
b4w7uy,1
b4wk6m,3
b4x814,2
b4xga0,5
b4xn5d,3
b4xxlt,1
b4zgww,5
b500o3,1
b509cq,3
b525jr,1
b52bym,1
b52fqi,1
b52jdv,3
b54xj1,1
b57f9o,2
b59hoa,4
b5bpun,1
b5d1g0,2
b5eetq,2
b5eh9u,1
b5ewv5,5
b5girk,2
b5hi1d,1
b5i4om,2
b5ijud,1
b5j6u0,35
b5k65r,11
b5k9wr,2
b5kfo5,1
b5lkwt,1
b5lryl,1
b5m334,1
b5mcgg,1
b5ocpl,1
b5oriu,9
b5oxed,3
b5qbik,2
b5qigl,1
b5r1xt,5
b5rf79,1
b5rpwt,2
b5rqjl,4
b5rrmn,3
b5s165,1
b5s6oi,1
b5s871,3
b5sbsn,3
b5to7t,1
b5togc,1
b5tu4q,1
b5tyjo,9
b5wk31,5
b5x1q0,1
b5y9bj,2
b5zo7r,2
b608iy,1
b650tr,1
b65jzv,5
b65x5c,2
b66a50,1
b66cq9,1
b66myz,2
b68btf,2
b68e68,1
b6adfz,7
b6ayv5,1
b6b1tx,1
b6bevn,1
b6bg9c,1
b6bnlu,1
b6cnr6,1
b6cyi0,15
b6d3wr,3
b6dz8o,7
b6e52i,2
b6e5mh,6
b6ej7c,3
b6enid,3
b6gm2w,2
b6hwly,6
b6ielj,11
b6j425,1
b6jk53,1
b6jpgc,1
b6jwfc,1
b6jwyg,2
b6k1kq,5
b6k3uo,1
b6k6n2,1
b6kiom,1
b6l2e8,1
b6lpg4,1
b6lz3d,1
b6m0ke,1
b6m0u1,1
b6m8lj,4
b6mw6x,1
b6ondj,3
b6p93g,1
b6p9s1,1
b6pb6o,1
b6qx27,2
b6rvbs,1
b6ssuk,2
b6vqp3,2
b6wout,1
b6wzys,2
b6y3vu,2
b6yhad,3
b6z3q3,1
b70sko,1
b717ww,2
b71lkg,1
b71zwi,6
b72xka,1
b73f8b,1
b74pf1,2
b75o7g,1
b777ec,8
b778en,6
b779v0,2
b77vgq,1
b785ov,4
b79md8,1
b79si5,1
b7b25g,3
b7b3av,1
b7betc,5
b7bhyy,1
b7bngz,21
b7c5b7,4
b7cwqd,1
b7e6cr,1
b7f2qe,3
b7f45i,1
b7f9d0,4
b7hdyf,1
b7heqj,1
b7hj9y,1
b7horx,1
b7hvp6,1
b7i0wn,1
b7i3bz,1
b7icyv,3
b7iorz,1
b7is2k,1
b7j79u,1
b7ja5m,2
b7jt5s,1
b7jtfh,1
b7k6h4,1
b7kj0t,3
b7nzaq,1
b7nzw5,1
b7p768,1
b7qj18,1
b7rjq3,1
b7syhl,1
b7t6qg,1
b7tpn2,2
b7tqnc,1
b7v0za,1
b7v5a3,4
b7vc1j,1
b7wbw4,20
b7wfi4,1
b7wv1i,2
b7x4hc,1
b7xfx4,3
b7z5t8,1
b81w62,1
b825yw,6
b82x6w,1
b83mqq,6
b83p3y,49
b847em,1
b84u0y,1
b84wk2,17
b8ae0j,2
b8c89d,1
b8deq1,1
b8f67l,1
b8g4tz,1
b8h3a1,2
b8io6u,1
b8j04s,1
b8j994,1
b8jh8l,6
b8k6wc,1
b8khn4,1
b8kpq2,1
b8l7g4,1
b8lvw8,1
b8obkg,1
b8oldl,14
b8oxwu,1
b8p6p3,1
b8phxu,3
b8qs2i,5
b8r28i,1
b8r7mf,1
b8ruca,1
b8sbys,2
b8spne,1
b8srgh,1
b8t5jh,1
b8ta71,11
b8v06e,1
b8vfjq,4
b8vjy6,1
b8vvtk,1
b8vy1t,2
b8x1gc,2
b8xmrh,1
b8y3xj,30
b8y635,8
b8y9f2,1
b8yaml,4
b8ysck,1
b8zif8,2
b902cy,1
b90ky2,1
b913fx,2
b92a7h,1
b9376n,1
b948m2,1
b94dd0,2
b94n4t,1
b9528b,1
b95cot,1
b96uuf,2
b974fp,1
b99ucb,3
b9a2o8,2
b9bfcl,3
b9dayq,3
b9f2al,2
b9fdq6,1
b9fl5d,9
b9gpd0,1
b9gxjb,1
b9h9r4,2
b9hdrc,1
b9hh0p,1
b9hwq5,2
b9jvqp,1
b9k63n,1
b9kz0f,3
b9l1dv,1
b9lgt6,1
b9mdc7,1
b9mmys,10
b9my4p,2
b9nbgc,1
b9oang,4
b9oktv,1
b9orws,1
b9pwie,3
b9qemc,3
b9r4gc,10
b9r566,1
b9ras1,1
b9rh6u,1
b9rs7d,4
b9s0ct,1
b9sopp,1
b9t7iw,1
b9u73r,1
b9vdgl,1
b9vicg,12
b9wv02,1
b9xel9,2
b9xxlc,1
b9y5zl,2
b9yiw5,2
b9yuhu,2
b9yzf5,2
b9zffh,1
b9zlzs,3
ba0u7k,1
ba3ecj,4
ba4fz2,1
ba4tw1,1
ba8nva,4
ba9glz,26
ba9yhw,2
baala8,1
baao3x,1
baav11,1
baazvw,1
bab4ar,10
baceoz,1
bad5yj,1
bad6tn,2
bad9q4,1
badtqf,1
bae5wf,3
bae7my,1
baehmd,1
bael5a,1
baf8di,1
bafeh6,1
bafwwk,10
bag3gn,1
bahd32,1
baixrp,4
baj5ee,2
bajljl,2
bajr7z,1
bajr9b,2
bajzq8,1
bakgmc,10
bakmq6,2
bakoo2,1
bakq0v,1
balw9f,10
bamqhm,11
banr5g,2
baqvif,1
barh7s,1
basmx6,2
batb0u,1
batc96,4
batqur,1
bavsym,17
bax9gg,1
baxsp8,1
baxtkh,9
bay89u,1
bayfba,4
bayo76,2
baz61n,1
bazuh4,1
bb0vda,26
bb1841,2
bb1qrn,1
bb2bvc,1
bb3lil,2
bb3mlt,1
bb3ty8,3
bb4kb2,1
bb55ud,2
bb6bvq,3
bb6ksj,1
bb6t2p,1
bb6tel,25
bb7ukd,1
bb87yt,2
bb8fnu,2
bb8jqa,2
bb8q9o,1
bb9a7q,3
bbaffu,1
bbb13y,2
bbbj61,1
bbcnec,7
bbd03n,1
bbdbl5,2
bbelj7,1
bbfbbr,2
bbg8t4,1
bbhvyu,1
bbhyed,1
bbi6ca,2
bbk3f1,1
bblq6d,6
bbmzyu,2
bbn4in,5
bboprg,1
bbq26z,2
bbquf5,1
bbslwe,1
bbsn3x,1
bbupzv,1
bbv2vc,1
bbvecy,1
bbvs6o,6
bbvuku,1
bbwcuq,14
bbwjdl,1
bbwot0,4
bbxdwf,1
bbxs6d,1
bbxzxk,1
bby0yy,1
bbynwv,1
bbyzum,9
bbzqw2,4
bbzuma,2
bbzx9o,4
bbzxzz,1
bc0j8m,1
bc10x7,1
bc1128,1
bc16a8,3
bc1aft,2
bc2pbs,2
bc3c0x,3
bc3ghs,15
bc3gnp,1
bc3v79,1
bc4cag,1
bc4p37,1
bc4wvg,1
bc6ahh,1
bcbmk0,1
bcbpx7,1
bcbz51,2
bcdmqa,4
bcep1b,1
bcf1q6,2
bcgspe,4
bcisk2,2
bcjmh2,2
bck6ik,15
bckaqh,1
bckhga,1
bckxek,2
bclbz9,3
bcm6ea,1
bcmgyq,2
bcmkwu,1
bco6m8,1
bcojiu,3
bcpe0a,1
bcq6up,19
bcqqd2,2
bcqwte,1
bcrfts,3
bcrvs2,5
bcs210,1
bcsoar,1
bcsu7f,1
bcswra,2
bctzzi,1
bcukmp,2
bcv4q2,1
bcvqex,6
bcvuzi,1
bcwd81,1
bcwyep,2
bcxg6h,1
bcxpbz,1
bcysc9,2
bcz2qp,1
bczfzn,1
bczsk6,3
bd03ft,1
bd0ggo,3
bd1izc,1
bd2cbu,1
bd2o4v,7
bd4x6y,6
bd6lei,1
bd6xa4,10
bd6zlc,2
bd8b8o,5
bd8edc,1
bd8z1c,2
bd93n6,1
bd960n,1
bd99tm,1
bd9o50,2
bdaekd,3
bdbq1w,2
bdc2yi,1
bdc3lq,1
bdc3qo,1
bdcb5b,1
bdd2fj,5
bddcpf,6
bddjwu,2
bddnhn,2
bdeolt,1
bdeovj,1
bdew7l,2
bdex8m,15
bdfu74,5
bdfwpd,3
bdgbsn,1
bdheco,1
bdhl5y,1
bdhmnj,1
bdi27f,1
bdi8ra,1
bdjj4l,2
bdjt1s,1
bdjx11,1
bdk62b,1
bdkean,1
bdkjrt,1
bdlg6f,2
bdlgum,4
bdmked,1
bdn423,1
bdn93g,2
bdojla,1
bdp0li,1
bds3dp,1
bdsych,2
bdszv3,1
bdtr9j,2
bdubxr,1
bduz7n,3
bdv38c,3
bdwkok,2
bdwnbw,1
bdx5rr,1
bdx6rc,29
bdxmtp,1
bdyfpz,1
be0gp3,1
be1t1l,1
be2mjp,4
be2rw6,2
be3amh,1
be3xa8,1
be57ln,2
be60mi,2
be7it8,1
be7kb3,2
be7n1m,9
be7qhv,11
be7s1x,2
be7x4y,1
be8g0z,1
be9kqb,2
be9tmp,1
beanzg,1
beauf9,8
beauwa,2
beaw4w,3
bedica,2
beelag,1
bef74q,1
begtcl,1
beiozl,1
bej6le,1
bektl2,1
belw99,1
bem7i4,1
bemwqg,1
ben150,3
beo060,1
bephnm,1
beps2a,1
beq603,1
berlyp,1
berx1j,3
bes3sh,1
bes7bl,1
beslbz,5
besret,1
betm09,1
beuj4o,1
beurl5,2
bev4rk,3
bevjf2,1
bevqne,1
bevsrw,1
bewn3m,1
bewwvc,2
bewz4b,1
bey1dm,1
beyjh1,25
bez6lb,1
bez79o,1
bezhi7,1
bezp14,1
bezt82,7
bf0af2,2
bf1aii,1
bf1qn9,1
bf290t,4
bf44zi,1
bf4a5a,1
bf4qnq,5
bf54sx,1
bf55p9,1
bf6148,1
bf86ax,1
bfanor,1
bfaya7,2
bfctpz,1
bffqf0,1
bffrr9,1
bfg42c,61
bfggcz,1
bfh5om,1
bfigh6,1
bfj2ct,2
bfjo8o,2
bfjrq7,1
bfk2ea,1
bflmyo,1
bfloyd,2
bfm810,1
bfmagm,1
bfn8d7,2
bfnlvc,1
bfobqh,2
bfpxid,1
bftsbc,4
bfyokp,1
bfzo1m,1
bg01bs,3
bg1du3,8
bg2cai,2
bg2n20,3
bg2x0l,1
bg3dvt,1
bg414v,2
bg553d,1
bg5ovk,2
bg7uxz,15
bg7xig,2
bg861f,5
bgable,1
bgaq7h,11
bgayak,1
bgb199,1
bgbr5a,4
bgc3xb,1
bgc6i2,1
bgddtj,1
bgdemr,1
bgdmdd,1
bge6jo,1
bgetum,11
bgf3wf,2
bgf9s3,9
bgftq6,1
bggujd,1
bghfig,2
bghq2p,1
bgi0f0,3
bgi599,3
bgieo2,2
bgj62b,12
bgkg0x,1
bgldij,1
bglonh,3
bgm32x,2
bgmeq9,1
bgmi3l,1
bgn1t2,1
bgnpoi,2
bgoe8c,1
bgozbd,1
bgp44z,1
bgselc,1
bgtjfe,1
bgu6iy,3
bgvbnh,1
bgvuoc,1
bgwsn8,1
bgxumd,1
bgycf6,1
bgywe8,7
bgzrqz,1
bh0q4b,1
bh1zk7,2
bh2bva,1
bh2pb4,1
bh2v6d,3
bh44x3,1
bh4jcr,1
bh4rog,1
bh4y4y,1
bh5aen,1
bh5xq3,3
bh6vld,2
bh97gl,13
bha9lh,2
bhb1wu,1
bhb4m5,1
bhb6sz,1
bhbdnk,6
bhc818,1
bhcdtz,13
bhci1q,6
bhcosb,9
bhdh4f,2
bhdpql,1
bheayf,4
bhehv3,2
bhf2pg,1
bhfg7c,2
bhhlqn,1
bhi5j6,1
bhnyg7,5
bhp15b,3
bhp8gs,2
bhpav6,2
bhrnzn,1
bhs3bp,4
bhuyw2,1
bhvi8k,1
bhvorn,1
bhw45v,3
bhw4n9,2
bhwwpc,6
bhx4vs,37
bhxmfu,1
bhydt0,5
bhyf6f,1
bhykk4,1
bhyu6u,5
bhz9a6,1
bhzatn,1
bhzign,1
bhzs28,2
bhzvld,4
bi0syt,3
bi1e9f,1
bi2891,4
bi3lht,3
bi3p97,1
bi404a,2
bi5ckf,1
bi6khh,1
bi8em3,2
bib5s1,1
bibad6,1
bibwzf,8
bido5o,1
biffw6,12
bifmud,2
bify5f,1
bignza,2
bigx4i,1
bih3je,5
bihol8,1
bihuj6,2
bii5vc,1
bii8er,1
bij8jg,2
bijbng,1
bijxyl,6
bik2w4,3
bil94u,1
binn2g,13
binvc7,1
biokpk,4
bioqel,9
bip7jl,1
biptd0,3
biq9dj,1
biqk0y,1
bircpx,2
birev5,2
biry8o,5
bis7a8,4
bit1dy,1
bitfp5,3
biusl5,1
biv3tj,2
bivk0n,4
biwg3g,1
biwxhy,1
bix793,1
biz9em,2
bj21m5,1
bj235z,2
bj38dh,1
bj45rm,2
bj4d5a,1
bj4l74,1
bj4piz,8
bj5tza,2
bj6rwi,1
bj99cp,8
bj99v0,4
bj9yxw,5
bjar8j,3
bjb5n7,1
bjbfos,1
bjbp6x,1
bjbtqv,5
bjckgi,1
bjct19,4
bjcu0k,1
bjf3fb,21
bjfpdp,1
bjg5ju,3
bjhnq8,1
bji1jf,3
bjitjs,2
bjj6zn,15
bjjg88,1
bjjs4k,1
bjjw8o,3
bjkq8b,2
bjlyu3,11
bjm0d5,7
bjm35d,4
bjn8or,2
bjnivg,1
bjnqss,16
bjnxd6,1
bjpkkr,1
bjslfr,3
bjsriq,2
bjvfyf,1
bjvrmp,4
bjx47t,1
bjykgj,2
bjyq2m,1
bjzfd6,2
bjzprf,1
bjzul7,1
bjzv0e,2
bk0322,14
bk0in6,2
bk1rwz,4
bk1vo2,7
bk2bsb,1
bk34t1,1
bk3ulb,1
bk3ylf,2
bk41qo,4
bk5gpf,3
bk622s,1
bk6yum,3
bk7061,1
bk7zaj,9
bk86yi,14
bk8bsl,3
bk8dfp,3
bk8hmc,1
bk8szc,1
bk9g3k,1
bka3lh,1
bkbhfl,1
bkbtaq,8
bkcq3i,3
bkcryw,3
bkcu05,2
bkdo5x,1
bkf409,1
bkfgd7,4
bkg1cg,2
bki6d7,1
bkn1zd,8
bkn5s1,4
bknfaj,1
bkq9wb,1
bkqiuz,1
bkqr3x,1
bkr50g,5
bksqdq,1
bkty4b,14
bkugci,2
bkumcl,1
bkutff,1
bkuyef,2
bkw1l1,1
bkwdee,2
bkxkwb,1
bkxv7c,1
bkxyi0,2
bky4u4,1
bkydpq,2
bkytuu,6
bkzgvc,1
bl04yb,1
bl10sw,1
bl1xz0,1
bl38p0,1
bl8rru,5
bl9pk8,1
blbdsd,2
bleb0l,2
blestm,1
blforb,1
blgk3o,8
blhg5g,1
blhuel,2
blizvv,1
bljqmd,1
bljv4s,1
blkrvg,1
blkuln,1
blm9o8,1
blmae4,1
blmn0z,3
blmrkv,8
bln7la,1
blndyx,1
blo8j6,1
blpau1,26
blpi2o,3
blpqj3,1
blq6m5,1
blqm70,1
blqnmc,1
blr5fw,1
bls5lo,61
blthjr,1
bltjs2,6
blufmk,1
blv5x2,1
blvo9g,1
bm0e4b,4
bm41k7,1
bm5uv2,1
bm7mnr,1
bm8cai,1
bm9kas,13
bmahzn,1
bmbvff,2
bmc6yc,3
bmc7ra,1
bmcokt,1
bmdi4e,1
bmewtk,1
bmfb1q,28
bmffxc,1
bmftv5,1
bmfw0l,3
bmgy8y,1
bmh0uw,1
bmi2g6,2
bmj2s9,1
bmj2yo,1
bmj805,4
bmk533,4
bmkefm,6
bmlaig,1
bmlsny,24
bmm8n9,1
bmn411,1
bmna4s,1
bmo2fb,2
bmoy93,1
bmqi90,2
bmqzhf,3
bmvwj5,1
bmy7pv,3
bn02wa,1
bn3oyj,1
bn3row,2
bn3slf,2
bn3uob,11
bn4jnv,3
bn6kve,1
bn945t,1
bn9ep8,1
bn9rvs,2
bn9x5e,1
bnacgg,1
bnbjcr,3
bnbsw4,3
bncow2,3
bnd3vs,1
bne2cd,2
bne5lv,1
bnep92,2
bng3if,1
bngwg4,1
bnhelw,1
bnhqn7,1
bnhsad,2
bnhy1m,12
bnj4hv,2
bnjfz5,2
bnjoj7,1
bnkg3e,1
bnkgfj,2
bnpmq3,1
bnq1ed,2
bnrub2,2
bnt5hp,8
bntrgd,2
bnw29r,1
bnwylv,2
bnxp0d,3
bny71m,1
bnyjtk,1
bnz9ud,2
bnzq02,1
bo06pu,3
bo0vmn,7
bo15ax,1
bo1x2k,7
bo2x5x,1
bo3840,1
bo3byb,1
bo3i2n,2
bo50kj,1
bo53rc,4
bo5kli,1
bo74ln,2
bo77eg,2
bo7z3d,1
bo8b6o,1
bo8idn,2
bo8tlt,1
bo8xln,2
bo9s5u,1
boe7gg,3
boektk,1
bofews,1
bog9q3,2
boh1w6,1
boiq0d,3
boj0bo,2
boppq0,2
bopvp1,2
boq2t0,9
boq5xq,1
bos2o3,1
bos4ed,1
bosrj9,16
bov1kl,6
bowoh2,3
boxber,1
boxfae,7
boydk7,7
bozg1e,3
bozhof,10
bozple,6
bp030b,1
bp03gg,4
bp0q6p,1
bp1eq5,5
bp1wfc,3
bp2a63,2
bp2qhs,1
bp3f4v,1
bp44bw,4
bp50dj,1
bp5ihz,3
bp7kfo,1
bpcmx8,1
bpej3b,2
bpfypf,33
bpgi8s,1
bpgqzm,1
bpib6e,5
bpir6l,4
bpjxlf,2
bpknuk,1
bpleyv,1
bpm4rv,1
bpovox,2
bpppsz,1
bppy5j,1
bpqcuk,2
bpqt94,1
bpr6lo,1
bpr82m,3
bprd5j,4
bprn3a,2
bps3wo,8
bps8r3,1
bpsc82,1
bpso3a,2
bpt1az,2
bpuhgf,1
bputj3,7
bpuvf4,1
bpwswj,1
bpxqh1,1
bpxvu4,1
bpyip6,1
bpzb1p,1
bpzrfk,1
bq2003,1
bq2gll,1
bq3861,1
bq5an1,6
bq5s2j,3
bq6jqp,1
bq6yhd,2
bq7vff,1
bq8ugt,2
bq99h3,1
bqbxl2,2
bqcgx3,2
bqcwth,4
bqdifw,1
bqeshd,4
bqflkg,1
bqg2cb,1
bqg2nn,1
bqg6ag,5
bqgh2q,8
bqgosx,64
bqh6xi,1
bqhvms,1
bqiy26,1
bqj0k9,1
bqjp49,1
bqkazy,1
bqkdnn,1
bql030,1
bql7um,1
bql91z,1
bqm448,1
bqmgur,1
bqmh56,1
bqn02e,3
bqn992,2
bqn9xy,1
bqnpll,1
bqqvtv,1
bqsb0h,2
bqt0jg,5
bqwl09,1
bqyu28,13
bqzfbu,2
bqzwvz,1
br04g8,1
br0ktd,2
br18wn,1
br1fp2,1
br1gf4,1
br247d,1
br36rc,10
br4pvr,1
br565g,2
br62jr,2
br6u70,1
br8oyh,1
br8q5b,9
br8ydh,1
br9cv1,1
bralq3,1
brbg0i,2
brbkuv,2
brbuka,1
brc187,3
brco33,42
brcrim,1
brd0t8,1
brdjox,1
brdz74,2
brerak,1
brfnud,1
brgyvw,1
brjbf7,1
brp6bn,1
brp6gw,1
brp8x1,1
brptpd,1
brpvpm,18
brqfu0,1
brrajq,2
brrea2,1
brrpxe,1
brrwes,2
brsj8v,13
brsz4f,1
brt50c,1
brtjk1,1
bru578,1
brv5vq,8
brv7kf,1
brvk82,1
brw2zf,2
brxq4w,1
brxrvq,1
bryfef,1
bryjq1,1
bryp83,1
brz730,1
bs1on5,1
bs22s7,11
bs2d3f,6
bs2mb2,2
bs2siz,8
bs2ugu,1
bs3c6n,1
bs3ww2,1
bs48m8,4
bs54tj,8
bs5a00,1
bs5i6x,1
bs63xz,2
bs6iik,1
bs6n5l,1
bs7485,2
bs7p8k,1
bs8r0k,1
bs8u12,2
bs9iuf,1
bs9khu,1
bs9mpn,4
bsa5y0,1
bsakke,1
bsbom5,3
bsctlr,1
bse9nq,1
bsg2az,6
bshvz0,1
bsjqw5,2
bsk9bv,1
bsn63t,4
bsnmyj,1
bsnzu6,3
bsofgf,1
bsomi2,1
bsq5j7,1
bsqaoi,1
bsqr73,3
bsqyv9,1
bsrmy5,59
bsrr9l,1
bss15n,1
bsttlf,1
bsun2v,2
bsuz09,3
bsvea9,2
bsvjk0,1
bsvs81,1
bswfzk,2
bswk1b,1
bsxcrt,1
bsxpyc,2
bsy2p0,1
bsyaqu,1
bsz45n,2
bszogr,1
bt19po,1
bt3iaa,1
bt3sak,2
bt7pg5,2
bt8du0,3
bt8n0r,2
bt8xv4,1
bt9pyt,1
btahh3,4
btbhfw,2
btbqj6,2
btcsf9,2
btcvam,1
btdfhh,2
btea91,1
btedoo,4
btehkt,7
btejof,1
btfa1n,1
btft7h,2
btg5om,1
btgv3n,3
bth316,13
bthd90,1
btijtr,2
btitvf,2
btj2y8,1
btkvkl,33
btkxi5,2
btlc59,2
btm9fa,1
btmt0c,3
btmwqs,2
btonzl,4
btot05,2
btp3ud,1
btq505,1
btqrsg,1
btr0e7,1
btrijc,10
btsk8i,2
btsoer,1
btsw4c,1
bttm7q,1
btv9es,1
btvewr,3
btvfh1,3
btvp0s,2
btxzjp,1
btyior,3
bu0ycj,1
bu1jzo,1
bu2nl9,1
bu34iy,3
bu3ffv,1
bu3npq,4
bu42aa,1
bu4cg5,1
bu4fwq,2
bu65ih,1
bu6i34,1
bu72c6,1
bu7h11,2
bu8tud,1
bu91p9,1
bu9sh8,2
bu9vvu,4
buaifw,6
budjyx,2
bue2kk,68
buej73,1
buf6g2,3
bufh2c,3
bufp4q,2
buhilg,1
buioqa,1
buj4t9,1
bujq6f,2
buki8a,4
bulge8,1
bum9qo,2
bumttk,1
buok9c,3
buomxo,3
bupyhl,1
burkmo,2
buvdsr,2
buwart,4
buxan1,2
buym60,2
buyqqc,2
buzcub,13
buzmnj,1
bv0yyh,1
bv1ul5,7
bv1wuh,1
bv2wb4,2
bv35wn,4
bv5t20,1
bv61f0,1
bv6mhu,4
bv7ljn,1
bv7ui1,1
bv7xep,3
bv84ll,2
bv8z3x,4
bvalq3,19
bvbqg2,6
bvc4w8,3
bvcbq3,1
bvceog,1
bvczjz,1
bvdky7,1
bveeik,2
bvej2w,1
bvewre,1
bvfaqj,2
bvflfv,1
bvgmdc,1
bvm0xt,2
bvmj7g,2
bvmvin,1
bvobxw,2
bvpudf,2
bvqo63,3
bvsahb,1
bvstxp,6
bvt6nf,3
bvthx9,1
bvtmdh,14
bvtr00,1
bvtxr6,6
bvv59x,2
bvv6sl,1
bvwqhf,1
bvx7n7,1
bvxl5o,1
bvxznm,2
bvy4vv,23
bvyzhd,3
bvz1s8,2
bw0ku4,5
bw0v7u,1
bw14xa,1
bw2f8l,5
bw3n4s,1
bw4e87,1
bw63ql,1
bw6ghy,1
bw7ai1,2
bw9e6c,1
bwbge5,1
bwblvw,13
bwboup,2
bwbqoz,1
bwc1fw,1
bwcc3r,1
bwez29,1
bwf4bz,1
bwg5i3,1
bwg5ki,2
bwhia1,1
bwhmmp,2
bwi3lt,1
bwimxd,1
bwj6j0,1
bwjeot,1
bwjqae,1
bwk6ma,1
bwkyw9,1
bwl0nn,1
bwl522,2
bwl99k,1
bwljvr,2
bwlznq,8
bwmsju,1
bwmzl7,1
bwnd0g,1
bwnqt1,7
bwohzz,1
bwojax,1
bwpf9u,4
bwprul,1
bwpwk0,3
bwqbph,19
bwqqgw,2
bwsam0,1
bwske9,4
bwsoj0,1
bwss8h,6
bwsww9,2
bwvbfv,1
bwy12k,1
bwynhx,2
bx1snf,6
bx49s6,6
bx4cuj,3
bx4r8z,1
bx544x,2
bx63m9,3
bx6cc3,1
bx758l,2
bx85jc,1
bxa8eh,1
bxahxc,1
bxbfmu,5
bxbgti,6
bxbwyo,2
bxcc27,2
bxcc95,1
bxct5i,1
bxez0t,1
bxfv4o,2
bxg6gd,18
bxh1qq,2
bxin3c,4
bxj286,1
bxjqbx,1
bxjte1,6
bxjvj9,1
bxk9ke,3
bxl2vc,1
bxoscy,1
bxtssl,3
bxuetz,1
bxvgxa,1
bxvlt4,1
bxwabu,1
bxwipx,1
bxx1xp,1
bxxakv,1
bxy4p8,2
bxyxlz,1
bxzfz6,40
bxzr3q,2
bxzvbl,3
by1uot,1
by2rcb,3
by2uoy,1
by3ty4,11
by4r58,1
by4z4k,1
by500i,1
by5mbm,1
by6kzl,2
by86dz,6
by8etf,1
by8g7c,6
by9dhy,1
by9ep6,3
by9fkg,1
by9ih4,2
bya3p1,1
byaebe,1
byafqy,3
byard1,11
byb5c4,1
bybguo,3
bybjc2,1
bybyhz,1
bydvla,1
byi0gp,1
byj5ut,2
byk8fc,2
byl1xk,1
byn0u2,1
byn6xh,2
byp938,12
byptnc,1
byq087,1
byqlu3,2
byqo1k,11
byqps9,1
byrrt8,1
byrsn4,2
byt1tk,6
bytqkz,1
bytvx1,2
byud52,1
byurfi,1
bywxrm,15
byx1mn,1
byxbca,3
byxf6x,1
byxrbv,1
byxyd7,1
byylfz,2
byz8mw,3
byzwb3,1
bz0dl9,12
bz0odm,2
bz1eef,2
bz2l2n,1
bz2p73,2
bz36ek,1
bz5d1t,1
bz5vqs,1
bz7jwd,2
bz7o0x,1
bzbumb,3
bzckvz,1
bzd5tk,1
bzesik,2
bzgpq1,1
bzii8j,2
bzis1l,1
bzjfve,14
bzk9x0,3
bzld7a,1
bzmtj5,1
bznju1,2
bzoye7,2
bzplaq,5
bzplh0,1
bzpqeh,2
bzq3ko,1
bzqzfi,1
bzr918,6
bzrl64,2
bzrm2i,1
bztg10,1
bzv0hb,1
bzvtap,1
bzxwcf,1
bzzr0l,1
c00tuo,2
c01px3,1
c0514m,2
c076jd,1
c0840d,2
c090ig,11
c09o92,1
c0co98,1
c0ec4h,2
c0ed7j,1
c0f0f5,1
c0fbzs,1
c0fgay,1
c0fh4a,1
c0fwhk,18
c0fy2l,4
c0gh2c,1
c0gn2b,1
c0h4wf,1
c0h6sr,1
c0hio3,2
c0jud7,1
c0k6vr,1
c0kozy,4
c0l1wf,1
c0llaq,3
c0lpc6,32
c0lpvz,4
c0mg9s,1
c0nnio,7
c0nwxh,2
c0o601,1
c0oevi,2
c0ptri,1
c0q4ji,1
c0qqb9,1
c0rmt1,1
c0s0k4,1
c0s5ke,1
c0t504,1
c0wey9,1
c0yebu,1
c0ysyy,8
c118no,1
c141gv,7
c149vl,1
c14jme,7
c15b0j,4
c15r34,1
c16qub,1
c16zdt,2
c1806i,1
c18dv5,14
c1bhbo,2
c1bm6m,3
c1bx3h,7
c1clmk,1
c1dmav,2
c1dntd,2
c1e9ra,1
c1ee98,1
c1f51w,5
c1fran,10
c1fs9f,2
c1g05y,1
c1ggbs,1
c1iu6h,1
c1j4op,1
c1kp5l,2
c1mbgc,1
c1n8m9,1
c1novx,1
c1qrkc,3
c1qyln,3
c1rb9b,2
c1su17,12
c1t2aw,1
c1t3av,1
c1ul79,1
c1ulou,1
c1vlm0,2
c1w8fw,12
c1wect,3
c1wxxu,67
c1x3qk,1
c1yxr9,1
c1z2rz,2
c20os8,3
c2141i,1
c21lj1,1
c226fr,3
c22ffx,2
c23dy0,1
c23i4c,2
c23o0p,1
c23v9w,1
c26093,1
c268x4,1
c26e94,1
c26luu,1
c2adgt,1
c2b2kr,1
c2clu9,1
c2g4dz,3
c2hw56,1
c2j58b,4
c2l80b,12
c2lhm5,4
c2lkju,1
c2lmq4,1
c2npsm,7
c2o1ju,8
c2p1js,1
c2pnu4,1
c2r9ip,6
c2reo2,1
c2rzn9,3
c2s13p,16
c2srnh,2
c2sx84,2
c2tcoz,1
c2us6b,1
c2ux4a,1
c2uxyo,8
c2wlhi,1
c2xmxx,1
c2yqk6,1
c33bwz,1
c34cqn,2
c35tqm,1
c38fhl,1
c3bdqb,1
c3c123,1
c3fnev,13
c3fzkk,1
c3g3i6,1
c3gueo,1
c3h8jy,1
c3hkw0,1
c3iyaj,1
c3j4hr,1
c3j8lj,2
c3kr9t,8
c3kun6,2
c3l5ux,1
c3llid,3
c3m3ia,1
c3mc8i,2
c3n8vm,2
c3n9i5,1
c3ogwf,1
c3ox11,4
c3q9a3,1
c3rgog,2
c3s0h4,4
c3sjnf,1
c3sva6,1
c3t1jz,9
c3t7ob,3
c3t84a,1
c3uk9u,6
c3uyaw,1
c3uzoy,2
c3vcoc,1
c3vevw,3
c3vi43,1
c3w16e,1
c3xrkp,1
c3xzgw,1
c3z8dm,1
c44nap,1
c45qd5,1
c45tdl,1
c45zsr,1
c463p8,1
c49qxn,1
c4bggs,1
c4buqu,24
c4cri1,1
c4d2ko,3
c4ewyp,1
c4foip,1
c4gnm3,1
c4h335,3
c4hn2s,2
c4i2yg,8
c4jhvm,7
c4knn8,1
c4l3b7,4
c4ls4y,1
c4m467,1
c4mkki,2
c4nup0,15
c4o160,1
c4o6mk,2
c4ogd6,1
c4pk3q,1
c4qdu6,1
c4rcu5,10
c4segw,1
c4tfe6,1
c4tnvy,1
c4u1ax,1
c4uf6n,1
c4z3cv,1
c51byd,1
c521t1,7
c52vnm,1
c560es,2
c57kmt,2
c581z2,4
c58kvg,3
c5dlwg,1
c5e9a0,6
c5eclc,2
c5eqtf,4
c5fhzi,1
c5fjhp,1
c5h0jx,1
c5hcsq,1
c5i1ph,3
c5i9vm,7
c5ipgj,9
c5j19k,2
c5jfue,9
c5jwu1,2
c5jz3w,1
c5lyv2,1
c5mcpq,1
c5mgmf,2
c5mvws,3
c5onvq,1
c5p1bz,2
c5p6ui,3
c5puy7,15
c5qh05,14
c5sdif,1
c5tacv,2
c5tgy2,1
c5tnk6,1
c5upxr,1
c5wd0t,1
c5xjhg,1
c5you5,5
c60ax1,1
c649js,5
c65nr5,1
c65yi2,1
c664ej,4
c6aec0,3
c6bkei,3
c6bstz,2
c6bycg,2
c6bz1n,2
c6cegw,1
c6d3wg,1
c6ejxz,1
c6elw0,5
c6f08e,2
c6f0rf,5
c6foo0,1
c6fwie,3
c6ianh,1
c6ic37,1
c6ik8y,1
c6j9rp,24
c6jfdy,1
c6jx4p,18
c6kdwg,1
c6kh82,1
c6kr9t,1
c6ksc2,14
c6ktpx,1
c6lxdd,4
c6m50v,2
c6mdev,2
c6n5wu,2
c6n7q9,1
c6nbu0,2
c6nxq6,1
c6oh4i,2
c6p7jz,1
c6pjyv,1
c6pqeh,4
c6psrc,1
c6qnlz,1
c6quke,3
c6rt23,1
c6s6qh,1
c6spjs,1
c6zp3b,1
c6zxmd,2
c703yc,2
c720wc,1
c72r1y,1
c73kxj,14
c73o5z,1
c74j31,2
c74pkp,1
c74x8n,1
c777b2,1
c77bgg,1
c77euk,2
c78h6j,2
c79eko,2
c79l4f,1
c79qbk,5
c7buom,1
c7c4uj,1
c7dm4w,2
c7doqg,13
c7e9gx,1
c7faiu,9
c7fsb9,1
c7g9gl,2
c7gbng,1
c7h8x0,2
c7i16n,1
c7inx5,2
c7iq9c,3
c7k864,2
c7k9ry,3
c7kdxn,3
c7l6v1,4
c7lxf6,5
c7mikl,1
c7otjn,3
c7pvr5,4
c7us4g,2
c7vxo5,1
c7xlzj,1
c7ym35,9
c7za5w,1
c7ze72,28
c8086s,1
c80gre,1
c80keq,3
c81i0j,1
c82e5h,1
c82oei,1
c84kb7,6
c85e2d,3
c85m7r,1
c85p8i,1
c85sdc,2
c85w4q,3
c86ldy,1
c887vr,2
c88cml,1
c88nhw,1
c890aq,1
c890yl,3
c896wb,1
c89aaz,2
c89b8c,1
c89d5w,1
c89fkt,1
c89or2,1
c89uo7,1
c8ap9k,2
c8bgjm,7
c8bhdm,2
c8c3np,1
c8chp1,1
c8crsn,1
c8d2w8,1
c8dbr4,1
c8dd78,2
c8dje2,1
c8e452,1
c8kaii,1
c8lauz,1
c8m4av,1
c8nh5e,1
c8nloc,1
c8p9dx,1
c8q700,1
c8qpap,1
c8qyrg,7
c8rq6f,1
c8sir8,2
c8smhq,1
c8srq1,11
c8szij,3
c8tibn,5
c8wtcb,1
c8x6ia,14
c8xzg5,1
c8ycwe,2
c8yhq9,2
c8yr3g,1
c8ytk0,1
c8ywk5,1
c8zro0,3
c901x4,2
c909cn,1
c90ngl,1
c92x9d,1
c93328,1
c935df,3
c93dxd,4
c93ofj,4
c944tn,1
c952se,4
c9542t,23
c96bdp,3
c96kli,1
c96yhg,1
c978fm,3
c97h58,1
c97ixx,1
c97s8s,1
c99h78,2
c99jin,1
c99t5q,1
c99w9q,5
c9amvs,1
c9fes4,2
c9gckl,1
c9gnz9,3
c9gueb,3
c9hiaq,2
c9hkka,1
c9htf3,6
c9ks67,2
c9mx5c,9
c9mxkz,1
c9my8h,2
c9n46v,2
c9o106,4
c9oh54,2
c9q0cn,1
c9qj1y,2
c9qjat,6
c9r8lo,1
c9rqm3,1
c9s034,1
c9tshl,3
c9ubcr,2
c9v1vm,10
c9vgkr,1
c9vhrz,2
c9vkym,2
c9w2re,1
c9wwwx,2
c9xfr7,2
c9yius,2
c9znqq,1
c9zphs,1
c9zta5,1
c9zzw1,1
ca0cef,1
ca0wfr,1
ca114l,7
ca1i9t,1
ca2od0,1
ca4i51,1
ca87jq,1
ca9xpy,1
cab1pt,5
cabnr4,2
cadjob,1
cadqt2,6
cadyg9,17
cae9lj,1
caea0d,1
cag3l9,9
cag631,1
caglop,1
cah6y9,3
cah8jm,3
cahaym,1
caijmn,4
cak3sy,1
cakvr5,2
cal7hw,11
cambug,1
camykk,2
canlc4,2
canw6p,1
canwux,15
cao6bt,3
caoh9r,1
caomev,1
caovpz,1
caoyey,1
caph7b,1
cas6pq,1
caslwd,2
cau9xq,1
cay9oj,1
cb097l,1
cb0mfc,2
cb1ar7,1
cb2dd8,1
cb2w5f,1
cb3315,2
cb3i7k,3
cb4fq9,2
cb4ftq,1
cb5h09,7
cb646z,11
cb6g14,2
cb7lnb,7
cb7tlx,2
cb7xmf,2
cb815h,2
cb9sac,1
cbakt7,1
cbcxli,3
cbd3d1,1
cbd51r,2
cbe0cb,1
cbe7gf,1
cbfpvu,7
cbh8gm,1
cbh8s0,5
cbhi5u,3
cbhqn0,1
cbhsgk,1
cbi3nf,1
cbies7,2
cbityy,1
cbjojy,1
cbkjuc,1
cbkmic,1
cbm9je,1
cbma8r,2
cbn1k3,1
cbn5ie,1
cbn7su,1
cbn7wq,1
cbnfrd,2
cbprb5,1
cbrtdn,1
cbsojm,2
cbt0uj,4
cbucps,1
cbuu21,3
cbv006,1
cbv313,1
cbw5vz,2
cbzf17,1
cc0pqg,2
cc1j2w,1
cc24bt,4
cc24p6,8
cc327t,1
cc44zc,1
cc51pe,1
cc5f11,2
cc5ttj,5
cc7cxj,2
cc7orq,18
cc9msy,1
ccbbs8,2
ccbgbu,2
ccbl04,13
ccbv42,1
ccbwmt,1
ccc9hy,2
cccem7,3
cccywf,3
ccekdw,1
ccffkp,2
ccfqlw,1
cch33t,1
cchf91,2
ccimeh,2
ccjgrs,4
ccjjui,1
ccjp9p,1
ccjryo,3
ccjrz7,1
ccliut,1
cclri3,1
ccmb1y,2
ccmlej,1
ccorqq,3
ccp6mh,1
ccp9wh,1
ccq262,1
ccqsxq,1
ccrg3j,1
ccs71h,13
ccssdb,1
ccu7ep,2
ccv6f2,1
ccvnfm,1
ccwb26,1
ccwxn1,1
ccz2mj,2
cd0chc,5
cd0fmw,1
cd0lc5,1
cd0rqa,1
cd3h8e,1
cd3saj,8
cd4kk4,2
cd4oay,1
cd5awk,1
cd5ife,1
cd5u7r,2
cd6jd6,1
cd6ktm,13
cd6toa,2
cd7rzu,2
cd9gn9,1
cdamam,3
cde816,1
cdexfq,1
cdfdzz,1
cdhk4d,1
cdhszq,2
cdiosx,1
cdk42z,11
cdl0o4,2
cdlfp9,2
cdmhf0,1
cdmsr8,3
cdo41a,28
cdoddh,1
cdooo2,1
cdp34a,1
cdrfxk,1
cdrqrc,2
cds9xe,10
cdseqf,1
cdshkm,1
cdsie0,7
cdu38y,1
cdu4rt,12
cdvu2s,1
cdw9jd,2
cdy1sw,1
cdy7f4,2
cdy7sp,3
cdygam,3
cdys16,1
cdyzf8,1
ce0b5s,1
ce17qu,6
ce1bw6,1
ce2bi3,1
ce2by1,16
ce2xtb,1
ce56al,1
ce6r3t,1
ce6uq8,1
cea9u3,4
cebdl5,1
ced2r7,1
cee5gq,1
ceebdn,3
cefk3o,2
cehc2k,1
ceik2i,1
cej6zp,7
cejbe5,5
cekkb7,1
cel3na,1
celgt6,4
celn63,4
cem3i0,2
cemtdj,1
cenae4,1
cep0ls,2
cepova,2
ceptpy,1
cepw7q,1
ceqlhi,3
cerl9u,2
cesj3m,14
cet5oz,1
cet6eo,3
cet81f,4
cetgct,1
cetz1m,1
ceu0c4,2
ceu8w0,1
ceudvx,1
ceuebl,1
ceumfu,4
cew1wi,1
cexfgx,4
cey270,1
ceybft,1
ceybh4,1
ceyfiz,1
ceykrh,1
cezpmj,3
cf3v0g,1
cf8mek,1
cf8w3k,6
cfa9do,2
cfbfnx,5
cfbn45,3
cfcafx,1
cfcgmf,2
cfcyxq,3
cfddk9,3
cfdnpp,9
cfdoyj,2
cffbg8,1
cffznh,1
cfi50b,9
cfjoaz,1
cfk7rm,13
cflayf,4
cflvt2,4
cfmxyj,2
cfntyc,5
cfqe0d,1
cfqfbw,1
cfqysf,9
cfrp7b,1
cfrw0t,1
cfs041,1
cfsioy,1
cfsr4q,1
cfsye6,4
cfto26,1
cfw3yf,1
cfxtxe,1
cfxwkk,1
cfyjec,1
cg0pif,2
cg139z,2
cg14ex,1
cg1zcj,1
cg3w5d,2
cg5x2a,1
cg7bza,1
cg7i2h,1
cg8n4l,1
cg8xn3,7
cg9l97,1
cg9yc2,2
cga6ht,1
cga8pj,28
cgcl8h,1
cgd2o9,1
cgdea1,2
cgdkig,1
cgdlyw,1
cgdrc8,1
cgdu89,1
cggtb2,5
cggvqx,2
cgh4kj,1
cgh7vz,2
cghftz,1
cgi2ba,4
cgi2x7,19
cgi6ny,1
cgijj0,1
cgiuws,2
cglbuo,3
cglhtw,1
cglnvv,1
cgmu9x,1
cgn4sg,1
cgquwb,2
cgrs0m,2
cgt6f0,1
cgvmqg,12
cgw89r,1
cgwct7,5
cgxvbn,2
cgylwp,2
ch1m02,1
ch1mz0,1
ch21yj,1
ch3cz4,3
ch3hyb,1
ch3qcj,1
ch5afa,1
ch61i7,38
ch6zyo,1
ch88a2,1
ch8gki,1
ch8i4n,9
ch8ni8,1
ch8yph,1
ch9lr6,1
cha1qh,1
chaqjk,2
chb79o,4
chbhg3,2
chcm1m,1
chd2o2,1
chddyq,2
chdy95,1
che6y7,1
cheb33,2
chfg33,1
chfoem,2
chfrxi,1
chgrxg,2
chn0q3,1
cho4kx,1
chp948,1
chqq9q,1
cht63c,1
chthcv,1
chubjv,2
chusjx,1
chuu2k,36
chvi7u,1
chwn95,1
chwupm,3
chy58b,3
chyyxv,1
chz2py,3
ci0xdp,1
ci1gy5,1
ci2drz,2
ci2ih8,10
ci2xif,39
ci30s7,1
ci3azh,1
ci3jrp,1
ci3oka,4
ci3yqs,1
ci41cz,1
ci44tl,5
ci4fvm,1
ci4g5x,1
ci6y1b,3
ci7g23,2
ci7l18,2
ci8io3,1
ci8t0v,1
ci94do,16
ci9dcw,1
cift6y,2
ciheb0,4
ciirl3,1
cijdqo,2
cilc9x,4
cilxxj,2
cinu8u,14
ciocxh,1
cipw8c,1
cis10f,13
cit1u7,6
citsqk,1
civa1d,1
civblg,1
civusi,12
ciwqvk,11
cixa2u,1
cixc1a,9
ciy0kv,1
ciy3mm,2
ciz1gk,10
cizz5q,1
cj04uy,3
cj0fbo,6
cj1avd,1
cj1fb2,2
cj1q2g,1
cj1vb4,1
cj2g4k,28
cj36du,4
cj43yc,2
cjcuhx,1
cjg2tv,1
cjhi8n,3
cjhurz,2
cjhzou,4
cjihso,1
cjinct,2
cjintp,21
cjiz63,3
cjkgqo,3
cjl6ey,1
cjn6ns,4
cjrhpn,2
cjrqyk,1
cjrxgo,1
cjsvir,1
cjtjkc,7
cjujzn,1
cjvtu2,1
cjx2dw,1
cjxvno,1
cjy3t7,3
cjzfky,7
cjzgzc,1
cjzj7i,1
ck0avb,1
ck28cg,3
ck2a1t,1
ck2aic,1
ck45j6,1
ck7igp,1
ck9m6p,4
ck9r6s,1
ckadgx,2
ckawca,3
ckbr8k,1
ckdxg1,4
ckfnrl,3
ckioo3,4
ckiqhr,1
ckj7n2,8
ckk8rw,1
ckl8ot,1
cklwbe,6
cklwpd,2
ckmx32,13
cknezu,1
cko1di,5
ckohjn,2
ckols0,1
ckontw,1
ckp6t9,1
ckpd3j,6
ckqe1j,1
ckqkdx,4
ckr2u3,1
cks3y0,2
cksp9u,1
cksx1r,2
cktcwo,5
cktdf2,1
ckujyf,1
ckvixo,2
ckvq0j,1
ckw07c,20
cl138p,2
cl15ui,1
cl2kvg,7
cl35z0,2
cl3ghn,1
cl3qdf,3
cl4eqm,1
cl5t2k,1
cl8dbm,1
cl9dzs,1
cl9q3t,1
clb7xb,2
clbhju,2
clbhsj,2
clbv4q,2
cldgos,9
cledio,6
clelrm,3
clfisu,4
clfk6o,1
clfnuj,1
clg6tm,4
clg784,1
clglvg,1
clgy2h,1
clifr0,1
clj0w7,7
clj5l6,1
clkav2,8
clknmh,5
cll2vp,1
clmclk,1
clmn8a,1
clmvlz,1
clnw5e,1
clo181,1
clos60,2
clotwk,2
clp1gv,1
clp5h4,3
clpfw2,5
clpm2t,1
clq97v,1
clth0y,3
clvga9,14
clvudl,1
clxthn,1
cm05ww,1
cm0mz3,4
cm0x8s,2
cm0ztz,5
cm1l54,1
cm2uub,1
cm2wbm,1
cm352h,3
cm3k1y,2
cm4908,1
cm5m03,1
cm635s,3
cm639k,1
cm6do2,14
cm7k8m,3
cm7mul,2
cm7pit,1
cm8wec,1
cm8wym,2
cm97ax,1
cmahpa,3
cmavje,16
cmbrd4,1
cmc1em,1
cmcnib,1
cmdffl,1
cmdmua,1
cme5o0,1
cme6qq,2
cmeivq,2
cmfp1q,1
cmfrd6,1
cmfzjb,1
cmg8ye,2
cmga34,1
cmgaya,2
cmhe1j,1
cmkcib,11
cmmp3s,1
cmqk9z,5
cms1o2,4
cmwcyy,1
cmydqj,4
cmykhy,58
cmyycz,1
cmzmxu,1
cmzutn,1
cn0aca,18
cn3nbl,2
cn3qla,2
cn4hb4,1
cn4tcl,2
cn5xrk,1
cn6gfx,1
cn6h5g,1
cn6jdk,2
cn71pg,5
cn9l44,1
cn9qj8,1
cnakxv,1
cnasz6,22
cnb7y1,1
cncc6o,2
cncrlu,1
cndvt9,1
cnjyi7,3
cnk2md,1
cnkpox,4
cnm66v,1
cnrr9d,1
cnu82t,14
cnujgd,1
cnuldx,1
cnv2t2,1
cnvefb,33
cnvehi,2
cnvnwl,1
cnw3bz,1
cnwanu,1
cnwics,1
cnx43p,1
cnxerb,1
cnxr63,2
cny4lu,2
cnykl4,1
co24fe,1
co27yb,4
co2wzd,2
co3qe0,1
co4a1j,3
co4isi,1
co5bnq,2
co5e0z,1
co65jj,5
co6nnz,1
co7ldz,5
co7m7a,1
co8gig,1
co8na8,1
co96bf,4
coa7ym,1
cob5ta,1
cob6dc,1
cobzbi,1
cocj5x,1
cod26l,2
coe6yz,1
coewtx,1
cogxej,2
coibbw,1
cokl1l,27
com8bk,1
comav0,1
coni62,1
cooutj,2
coprn4,1
copyq3,1
coqic3,3
cor9ww,1
cornnr,3
cosec5,1
cot5uu,1
cotrmu,8
cou5kw,6
coum9e,2
coumic,6
covxg4,1
cox1np,4
coxr1z,1
coxxjj,6
coyy6y,1
cp1am0,1
cp28pd,1
cp2ds3,1
cp2suk,9
cp3rdv,1
cp3v11,1
cp4c9n,1
cp4dqw,1
cp517a,1
cp5zp4,1
cp964o,1
cpau5i,6
cpbyr2,2
cpc4g5,2
cpdgff,1
cpelgl,4
cpgoa6,1
cpi3ab,3
cpi3qb,3
cpid71,2
cpj6do,1
cpjot7,2
cplcpy,1
cpljym,6
cplto3,1
cpmmni,1
cpn0wk,1
cpnfl4,2
cpov5u,1
cppomc,4
cpq1sy,7
cpr9vl,1
cprrds,5
cpsf8f,4
cpt2e8,1
cptbk0,1
cpu8p1,8
cpucbw,1
cpuv4y,4
cpxzjk,2
cpz5dg,2
cpz9d0,2
cpze38,2
cq0mrv,3
cq2dts,1
cq2fxy,1
cq2kog,2
cq37y1,1
cq3xfw,1
cq46be,1
cq4liq,1
cq96pz,1
cqal81,2
cqcsjq,1
cqffda,1
cqg1x2,1
cqgaxn,12
cqh24q,1
cqidah,1
cqjlym,4
cqjme7,1
cqk92z,1
cqkjjo,1
cqkupf,1
cqlgl3,1
cqov13,40
cqph3x,1
cqpyfs,1
cqq9jk,2
cqr218,16
cqrgpb,3
cqu7dh,2
cquzrq,1
cqv5zn,2
cqvtp4,1
cqw0ui,4
cqw1lo,2
cqxa0w,1
cqy0j3,2
cqy88t,1
cqyr9h,2
cqz6cq,2
cqzsek,1
cqzxa0,2
cr00cr,1
cr071x,1
cr0gdw,1
cr0je3,1
cr0l19,1
cr0lna,10
cr168b,1
cr1a5m,1
cr331u,1
cr38h8,1
cr7orn,1
cr96y5,4
crahlf,2
crbzgw,2
crckz2,4
crcs4x,1
cre2g4,3
creo8h,1
crewnn,1
crhddf,4
crhj2u,5
crhxrd,2
crhz3r,7
crj136,15
crj50o,1
crji2o,1
crlijg,2
crlox3,1
crlz0h,1
crm8lx,1
crn5l0,1
crni64,2
crprlu,12
crrq3y,4
crrsso,1
crrtys,10
crsq3w,1
crstd6,1
crufwk,1
crw7e7,1
cs4fxy,1
cs4rq8,7
cs5kuf,2
cs63ln,1
cs6fc2,1
cs6h47,2
cs6r61,15
cs6zry,1
cs8809,1
cs8l7k,1
cs8nu2,2
cs8qak,1
cs8uwe,3
cs8yhh,1
csapjs,1
csb70z,4
csb7mm,1
csb9q3,2
csblw5,14
csbzwl,4
cscty4,1
cscxgc,2
csdexi,1
csdt8b,1
cse1j3,2
cse4iu,1
csegca,1
csfh7g,2
csgu9c,1
csgylm,1
cshgua,3
csio4s,1
csites,2
csk6mk,1
cslk2u,1
cslncw,4
cslnpi,2
csmgbg,2
csmr95,1
csnqb4,1
csnzfq,1
cspsv4,2
cspy3h,2
cspzr5,1
csqddx,1
csqi9q,3
csrtey,1
cst6ly,1
csvvmw,1
csyii2,2
cszch5,1
cszm3g,1
ct107r,1
ct2485,4
ct27tk,15
ct3i5l,2
ct4zul,1
ct60ab,2
ct7jgf,4
ct97ct,1
ctb3je,2
ctbgl0,1
ctbsxv,1
ctclkf,3
ctfv20,18
ctgn1r,3
cth6zn,6
ctiywn,3
ctj3zy,1
ctk0xe,1
ctkgr9,1
ctkz72,4
ctl1mp,1
ctldll,1
ctlqye,1
ctlsh4,7
ctmsbc,5
ctnwfn,3
ctps72,1
ctpyht,2
ctq068,1
ctqd3o,2
ctrcmf,1
ctsecn,1
ctwahl,6
ctxyf4,2
ctybzj,1
cu0bpw,1
cu0fac,1
cu13ty,3
cu39kf,2
cu42a6,1
cu4an7,9
cu4bgv,1
cu4rno,2
cu6jg0,7
cu8jb8,2
cu97vn,2
cu9w05,1
cub94o,1
cubo9s,2
cud2bc,2
cudmk9,17
cudnrh,3
cue9xn,3
cueekp,9
cuex5o,1
cuf7x0,7
cufufd,3
cugwxz,4
cujd9m,1
cujuem,1
cukbpz,2
cumnqf,1
cun6b9,4
cuniec,1
cunt07,1
cuo8gc,2
cuox44,1
cupndn,1
cursms,1
cut2l4,1
cut7tu,1
cuul6c,4
cuv32a,8
cuxgh7,2
cuxwo8,1
cuz4aw,1
cv0bqc,1
cv1a23,3
cv2d9q,1
cv2zsj,14
cv359a,5
cv3a3h,2
cv46lw,4
cv4r3q,1
cv4yjo,3
cv52m5,1
cv8l91,5
cv8lmg,1
cv9mbv,1
cv9qa0,6
cvaikz,1
cvb8yo,2
cvc4k6,1
cvcpt1,6
cvd0nd,1
cvd6ux,4
cvdcro,2
cvejnz,1
cvf77a,1
cvfvgs,7
cvg5m0,2
cvgnp4,2
cvgw16,5
cvh564,8
cvhl90,1
cvjv5w,1
cvkt16,1
cvp1xi,1
cvq104,3
cvqofn,1
cvr587,27
cvrue2,3
cvs08a,1
cvuz62,1
cvv9cs,2
cvw94l,2
cvwp7r,10
cvwray,1
cvwwn1,1
cvy926,2
cvyt1v,1
cvz26w,1
cvzqk7,1
cw0e3m,1
cw2jcc,1
cw2krw,1
cw3fzx,24
cw54ql,1
cw6k0s,1
cw79wo,4
cw80aq,1
cw8gkv,3
cw9a5v,2
cw9cm5,2
cwa9dp,7
cwahzj,1
cwbrq5,2
cwc35j,3
cwc7s0,2
cwch6u,1
cwcqpw,1
cweex3,1
cweojt,1
cwetzn,2
cwlywf,2
cwn67u,1
cwo4yn,1
cwo7ht,1
cwo8ck,1
cwor0f,3
cwte7j,2
cwu012,1
cwu2lz,1
cwu31s,5
cwupcs,4
cwuq7s,12
cwxnw4,1
cwyevw,1
cwyyq7,2
cwz20g,4
cwzi1j,6
cx22ph,5
cx2jgn,3
cx3ogl,1
cx4mln,9
cx5lax,1
cx5t6f,1
cx5y2y,1
cx673g,1
cx6hou,3
cx6xt5,3
cx74y9,1
cx7clv,1
cx7qpf,6
cxaz5r,4
cxflza,1
cxhezw,1
cxhsrn,2
cxi49v,2
cxm2t8,2
cxmmst,9
cxnezw,1
cxoscr,2
cxqmmg,1
cxqu0z,2
cxr03s,1
cxs748,2
cxsikh,6
cxsn86,20
cxt9wg,1
cxtmcs,1
cxvi1b,4
cxvjli,1
cxwrhq,1
cxy68c,1
cxzars,1
cy02qv,10
cy0hg5,1
cy0qn9,1
cy2csy,4
cy3fwf,1
cy557n,1
cy6idf,7
cy6otg,1
cybzs2,1
cyd38g,2
cydly1,3
cye9y6,6
cyejxm,2
cyen2n,1
cyfxjk,1
cyh3te,1
cyis27,2
cyjbgj,3
cykjui,2
cykvr3,2
cyl9al,5
cylxfl,2
cym00j,2
cym1ei,2
cym47d,1
cym943,6
cymp4j,1
cyn8kr,3
cyp39w,1
cypgre,2
cypl2m,1
cyq9vy,3
cyqlsr,1
cyr5nk,1
cyrh9c,1
cyrijf,1
cyro16,4
cysquc,1
cyt3k6,1
cytddw,1
cytitr,1
cytk7o,1
cytnjw,1
cyukoy,2
cyvh62,1
cyvykt,2
cywvch,1
cyxejk,6
cyzl9m,1
cz1axz,2
cz5bko,1
cz5owo,6
cz6319,3
cz71cj,2
cz7jy3,1
cz9ln9,1
cza4h6,2
czb0ku,7
czdaxm,3
czdt8r,1
cze82q,2
czevua,9
czezfk,3
czfjub,1
czfnlw,1
czfuqt,2
czgycz,46
czh4lx,2
czhk6c,1
czhs1z,1
czhsua,1
cziu1v,1
czix36,1
czk291,6
czmoxq,6
cznggo,2
czoekw,4
czp7jp,1
czpsyr,3
czq1vo,2
czrb33,1
czsq52,1
czsvyd,1
czszvx,1
czvc9o,1
czw19h,2
czw5fj,1
czw88t,4
czzm0a,1
czzvva,1
d023l9,14
d029qu,1
d066fi,2
d06cgc,2
d072dh,3
d074mr,2
d07vsw,2
d086d5,1
d0al7g,9
d0azsk,1
d0b0pd,1
d0c1ys,1
d0c3mr,1
d0dt3a,3
d0gcsk,17
d0gvgb,6
d0hhnt,1
d0hmb9,1
d0hrxz,4
d0hswz,1
d0i4qr,1
d0icx8,1
d0kkce,3
d0ldkh,1
d0lfat,8
d0ncz8,2
d0pljd,2
d0q3gc,1
d0r2sl,1
d0ri19,3
d0rvmp,1
d0rxr8,1
d0s491,2
d0s4in,1
d0s54g,1
d0u41t,1
d0vfni,1
d0wd41,5
d0wrje,2
d0yc86,3
d0z415,1
d0zdkk,5
d11gr3,1
d142lk,2
d14jd2,12
d14kx2,2
d16nco,1
d170j8,2
d17krh,1
d17v44,12
d18dve,2
d18y8l,5
d193el,1
d19vcc,2
d1aac0,2
d1bhlx,3
d1bqlg,12
d1c1zp,1
d1ckjp,1
d1cl8c,1
d1cwrj,1
d1dhj4,1
d1e1u3,1
d1e4ak,1
d1ecyn,1
d1emzj,1
d1fjkm,1
d1gks0,3
d1h33v,1
d1hb37,2
d1ikj7,1
d1ists,2
d1j445,1
d1k0lf,2
d1l06q,1
d1l78f,21
d1ljti,15
d1owqo,1
d1r657,1
d1r8eg,1
d1rk8x,1
d1u4kd,6
d1v2pi,1
d1w112,1
d1yyu8,3
d1zd4f,29
d20igs,5
d20k57,1
d2110r,1
d22ogi,1
d22r1a,1
d22u87,3
d23m5h,1
d23nmu,1
d24jzn,2
d24xge,1
d26gzw,5
d26oin,2
d27f42,2
d2aclt,1
d2b0e0,20
d2bjp4,1
d2booe,2
d2bopb,3
d2c8k5,4
d2cztn,1
d2dm5a,2
d2ehst,1
d2f457,1
d2fefp,2
d2hf8r,3
d2hk5f,1
d2hmv6,1
d2i2ho,1
d2i82l,1
d2jg9u,3
d2n6kp,1
d2ng0t,2
d2oc8e,3
d2pofm,9
d2rrwf,1
d2si0p,1
d2tf1u,2
d2v2i2,1
d2vxk0,1
d2wz0s,1
d2xec5,1
d2y8ds,1
d2z7ut,1
d30iuz,3
d317vx,1
d31fcf,1
d31r44,1
d32186,2
d32x2v,3
d331yo,2
d33dac,1
d35ff6,22
d36sps,2
d38312,2
d38qiy,4
d39mqg,2
d39sup,2
d3a99l,8
d3b9z4,1
d3bneo,1
d3cuef,1
d3e3o9,2
d3e69s,1
d3fb70,2
d3gjlf,1
d3hpt3,3
d3hzzj,2
d3idtx,1
d3io9i,1
d3j20v,5
d3kcn7,3
d3nzkp,1
d3oxhw,1
d3p5xk,1
d3pczl,1
d3pwel,1
d3r4ij,1
d3sxls,6
d3tfdl,1
d3thke,1
d3tkzy,1
d3vly3,5
d3wegg,1
d3wutj,2
d3yj52,1
d3zlfm,3
d408i0,2
d40j86,1
d41g10,1
d43bnh,4
d43xx8,2
d448f6,1
d453sp,19
d478zh,2
d47xfl,1
d488qw,1
d49vby,2
d49xqt,3
d49yit,2
d4a5v0,8
d4bbn7,1
d4bw6g,1
d4bzk0,1
d4d3zr,2
d4do9u,1
d4eldw,1
d4ffhr,1
d4g9yt,7
d4gook,10
d4ippu,2
d4mk9x,3
d4qwrq,2
d4rrjb,1
d4s4kk,1
d4sqgk,17
d4thoy,1
d4tmv5,19
d4ttgd,1
d4ui98,8
d4v97a,2
d4vfab,4
d4vtta,1
d4wjd4,1
d4yfgu,4
d4z3zm,3
d4zp76,10
d504ek,15
d50kdz,1
d511zn,1
d5147h,1
d52177,3
d5276o,1
d52fm3,1
d52ssr,2
d543zr,1
d5523t,2
d55704,3
d56lrs,1
d56oto,1
d57fkc,1
d57sqe,1
d5865c,3
d58a4u,1
d58h8j,1
d58l2g,3
d59m3g,1
d59qm3,1
d5a322,2
d5ar89,1
d5atk6,4
d5bmjc,1
d5czpl,1
d5kadb,3
d5km6s,1
d5li1y,4
d5llo4,1
d5m7tt,1
d5mimj,4
d5n3cq,2
d5nzhz,1
d5okth,2
d5ordn,1
d5pm6v,1
d5ptfo,1
d5qg74,1
d5rqdz,2
d5shw9,1
d5vimf,15
d5vvzx,1
d5w9np,1
d5xxuc,5
d60hvq,1
d60m43,19
d610uq,1
d63md5,1
d63uk2,1
d64nj4,2
d64uh2,5
d6504f,1
d65yle,1
d666g3,9
d66rpq,1
d68s5z,1
d6952w,1
d69btu,1
d69gk1,1
d69jek,12
d6bdl7,1
d6bn7h,1
d6cqja,1
d6gzmi,4
d6h6ze,1
d6he5x,2
d6j163,1
d6kjo3,1
d6m4hy,10
d6m8vg,1
d6nl8j,2
d6o15z,4
d6o24i,1
d6o68s,1
d6qa6p,2
d6qwod,1
d6rysg,3
d6t19t,1
d6tswm,1
d6uav2,8
d6ugkl,18
d6ukb3,11
d6uzzw,1
d6v144,1
d6vzjt,1
d6wu2s,4
d6xh4z,1
d6xxxt,1
d6ykr2,2
d707yq,3
d709xt,1
d73vxd,1
d7468n,1
d74vxt,2
d755i0,2
d75a1u,1
d75pef,1
d76cju,1
d77jkz,1
d77w5x,1
d78h5m,3
d791qm,1
d7bdfs,3
d7fsrx,1
d7gf59,1
d7it0g,7
d7j0cn,3
d7jj0n,1
d7jzt5,1
d7keh1,1
d7laot,6
d7llko,2
d7lzdj,2
d7mlm1,1
d7mw9p,2
d7n6uw,1
d7o1vz,1
d7o370,2
d7ok81,1
d7osgf,1
d7qee7,4
d7qlxi,5
d7r8e8,1
d7rjgg,1
d7rxhu,6
d7sajq,1
d7spn2,1
d7sx99,1
d7tvp0,1
d7uf6a,2
d7v1kg,2
d7vm4e,3
d7vmjm,1
d7w7if,2
d7wxcb,1
d7xuwr,1
d7y8ao,2
d7yhz4,1
d7yp6d,1
d80zl0,15
d81aec,1
d83ck7,2
d84xxi,6
d858yy,6
d85q3e,2
d8bsfk,1
d8dbmq,2
d8dw9z,11
d8e9f3,1
d8eyth,1
d8favg,1
d8fwna,1
d8gyk4,1
d8hrzk,2
d8kjqw,1
d8ll48,12
d8ltw0,3
d8m8co,5
d8n6ny,1
d8nvfk,1
d8oerl,1
d8p77n,1
d8p91a,5
d8rrog,2
d8sadm,1
d8t3xm,1
d8tka6,6
d8tuat,6
d8tvwy,1
d8uxmi,1
d8v5jb,1
d8ve86,1
d8vpqw,4
d8w5p7,1
d8wh9y,3
d8wvu2,1
d8x1d4,1
d8x1wt,1
d8ztcq,1
d92qay,1
d94djr,1
d96cpg,1
d96imf,17
d96xij,1
d97mdn,3
d9ab2z,1
d9bca4,1
d9bj5i,4
d9ck1e,1
d9cwwy,3
d9d7mu,1
d9d9fw,1
d9dme0,2
d9dqc0,1
d9e72z,7
d9fwwq,4
d9gq78,1
d9hz9w,10
d9jawm,1
d9jct1,13
d9jxuv,4
d9kl58,3
d9kl72,1
d9kuon,2
d9kwv2,5
d9mjon,1
d9nbc4,2
d9onhx,8
d9ooy4,2
d9q1sw,1
d9ra76,2
d9rr50,1
d9rtjo,2
d9rw22,1
d9tbct,5
d9u9pt,4
d9w4zp,1
d9yqa8,1
d9zlxe,4
d9zoh8,2
da0rkw,30
da21u2,1
da3d0r,2
da4s15,1
da4vb8,9
da50uw,1
da68h6,1
da6ikf,1
da70ab,1
da7qmq,2
da9952,2
daabqm,1
daai19,1
daaomu,1
dabjs3,1
dacy7x,1
daem9m,1
daf5f6,3
dafeuw,23
dahaet,1
dahgen,1
dahi6n,4
dahllz,1
dahple,1
daid1v,1
daj7rr,1
dajajg,1
dajhpf,1
dak1an,1
dakdp1,3
dakiiv,5
dakxag,2
dalnsp,4
dancb1,1
danuvq,6
dao0h7,1
dar9ql,6
dasron,1
datwm0,1
daufxi,1
dayo9l,2
db0hwr,2
db0o8c,1
db1dhf,3
db1k8o,1
db3jbb,6
db3oq6,1
db3vwx,1
db3w61,1
db4018,2
db4c3o,1
db4p6x,3
db68k0,1
db6qon,1
db8bkb,1
db9896,4
db9brd,16
dba7xs,2
dbbtid,5
dbcgir,7
dbcsyd,7
dbdzjk,1
dbe837,2
dbeaad,3
dbhurg,1
dbir3j,1
dbjykn,1
dbly44,1
dbmkyk,1
dbp082,3
dbrlp0,1
dbtlqv,1
dbu2ko,1
dbwhkh,1
dbwq3m,5
dbx498,1
dbyzgc,2
dbyzpm,1
dbznzc,1
dc1bsp,1
dc2fpx,2
dc2izc,2
dc42ld,2
dc4hgz,4
dc59qo,1
dc5lmr,1
dc5vbb,2
dc5wpf,1
dc5xsx,11
dc85wa,3
dc9inu,1
dc9nfx,1
dc9t9r,14
dcafrz,2
dcb4qy,1
dcbk1e,6
dccayg,1
dccjw9,4
dcf11o,2
dcf24f,3
dcf8kr,2
dcfkqu,1
dcfrb6,3
dcfxl9,1
dchbrs,3
dchcfh,1
dchl6j,1
dchrsw,1
dcif7g,2
dciu71,4
dcj3w2,1
dckd9j,1
dcoi40,1
dcp22e,2
dcrpzo,5
dcwmzt,42
dcx12e,3
dcy9r4,4
dcyviw,1
dczu7v,2
dd0k9q,1
dd1j9f,1
dd1wck,1
dd2i89,1
dd2pq4,2
dd3wcu,28
dd6crp,8
dd6twb,6
dd7y5j,1
dd8iuy,3
dd8pkc,2
dd9czw,1
dd9j4r,1
dd9qs5,1
dd9ugb,2
dd9yzo,5
ddadxx,1
ddafxc,4
ddatvz,2
ddb8wv,2
ddc10j,1
ddcc2e,1
ddd2p5,1
ddde3b,1
dddr1g,1
ddebyq,1
ddf7ei,1
ddfeq7,2
ddiynv,1
ddq2sn,2
ddqdef,3
ddqq87,1
ddqt1o,1
ddsuvm,1
ddt77f,2
ddv88r,3
ddwg9f,1
ddwjxc,1
ddxhy1,3
ddy028,1
ddyhq4,2
ddym7f,2
ddz73b,3
ddz9u3,1
de03qm,1
de0gw2,1
de0y9u,1
de305t,1
de40so,4
de4hvl,1
de5u5k,1
de6ktr,1
de7ckn,4
de7nc4,1
de82cj,1
de8gsr,1
de8tc9,1
de9a66,1
de9vxy,1
debexk,1
debw83,1
dec1os,1
declk8,32
deegjt,2
dehwha,2
dekgz9,1
deknnb,1
dekqsy,7
denv0p,2
depnrm,2
deqfo3,11
dethm7,4
detj76,2
dett0z,2
deu5v9,1
deucyz,3
deufst,1
dev5ag,1
dew5wp,9
dewhlo,1
dex059,2
dexkjk,3
dey178,2
deylt0,1
deytuw,1
df1epm,1
df1v0z,10
df1zu7,6
df21yr,1
df2xyf,1
df3isy,2
df3xz6,3
df44xk,1
df4dke,1
df4ft9,1
df4goo,1
df51xh,1
df5fnj,1
df65ad,5
df65lj,2
df6c6f,1
df7ojh,2
df85fw,2
df9aup,1
df9bx7,1
dfa89v,1
dfao3d,1
dfbqze,1
dfd9zp,1
dfeexj,1
dff4w3,1
dff51v,1
dfg4nj,1
dfh95s,1
dfhuu6,1
dfiyv8,1
dfjjuf,1
dfl5lp,1
dfmdq9,2
dfnari,2
dfo2bx,1
dfp8e8,29
dfrc2e,1
dfrog8,1
dfs0uf,5
dfshis,1
dfsr45,4
dftfl0,1
dfuhxv,1
dfuq39,2
dfv8od,7
dfvka4,3
dfwcbd,3
dfx7ux,1
dfx952,1
dfxvsg,1
dfzccb,2
dfzjey,1
dg00qx,5
dg19yf,1
dg1egv,3
dg1tjn,1
dg2gum,1
dg3ca7,18
dg3q53,2
dg5586,2
dg5f08,1
dg6l70,2
dg6sle,5
dg7c0y,1
dg9d7j,4
dgd87w,4
dge31h,2
dgeala,2
dgfpje,2
dgjlum,1
dgjutb,2
dgkwl7,31
dgm9h8,5
dgmjxj,1
dgmphm,1
dgnbpd,6
dgoeye,1
dgon2c,2
dgpbvd,1
dgpgeu,1
dgpioo,1
dgqfit,1
dguil6,3
dgvfxl,8
dgxqqb,1
dgxrrk,1
dgzcwr,1
dgzui1,1
dh0tp7,2
dh11jg,70
dh18ar,2
dh1jf3,2
dh1xm1,5
dh2bxi,3
dh3zhy,1
dh4082,1
dh4lin,2
dh4nla,1
dh4x8p,1
dh5jr9,1
dh5pta,4
dh6rdn,4
dh78cj,11
dh8p7u,5
dhasvh,7
dhaz89,1
dhdrbk,1
dhez00,1
dhfadj,1
dhftlz,2
dhgx3q,26
dhh8ck,1
dhhiah,8
dhhxdk,2
dhi6qj,1
dhieq7,8
dhjs45,2
dhlaz0,12
dhmcu8,1
dhmkpv,1
dhmrdb,1
dhms0a,1
dhn6c1,1
dhqg1k,1
dhqi3g,1
dhqwjw,1
dhrtrd,3
dhs200,1
dhsj86,1
dhsm1z,5
dhvo8h,1
dhvwug,1
dhw2nw,1
dhwhhb,1
dhx05d,9
dhxcwb,3
dhxtvn,7
dhzaso,1
dhznu3,2
dhzwdc,1
di1lny,1
di6dq9,1
di6xl3,1
di7c4w,2
di8xqm,4
di9ae5,6
dibp7w,3
didr2b,22
diedav,4
dievfm,1
dieyvw,7
dig5ir,1
digklb,3
digvf2,1
dih5g3,1
dii0r8,1
diihhe,1
dili7q,13
dim34z,1
dioaba,5
diojsq,2
diolyg,2
dipfdl,2
dipp8a,2
dipzza,5
diqlud,1
dirp4v,11
disnmb,1
distvh,1
disujv,3
diuucz,67
divplr,1
divv5u,3
diwnk2,1
diz92t,2
dizabo,2
dj0kmj,1
dj473w,1
dj5fgp,8
dj6gue,7
dj6vy1,1
dj8lh5,4
dj9ybq,4
djbl7k,2
djbylx,1
djclmg,1
djdj32,4
djdp3n,1
dje5dd,2
dje9t9,1
djef4e,1
djfbz4,1
djikl7,33
djklqc,2
djmej5,1
djmjk2,29
djn8fb,1
djn912,3
djnave,1
djnwqv,2
djnx8x,1
djnzr2,2
djo5el,1
djophj,2
djozpr,2
djpkwv,2
djqkfl,10
djqnz8,4
djqsh1,1
djriyo,1
djs2v2,1
djta4z,2
djtsax,1
djttn6,1
djur2c,3
djw828,1
djyxdo,1
dk10ts,6
dk1q2z,1
dk1q9e,2
dk55b0,1
dk6jkh,3
dk7kbb,3
dk8wx9,1
dk9n7c,1
dkayto,1
dkc5gv,3
dkdzzx,3
dkeebo,4
dkepw3,1
dkfdi1,1
dkfu56,1
dkg8e6,1
dkhkxr,1
dkiff0,1
dkiix6,3
dkixkm,1
dkj0hy,9
dkjdyw,2
dkjenr,6
dkjfyz,1
dkjuz9,1
dkl3xl,3
dkm0f3,1
dkm4yx,4
dknl99,1
dko625,1
dkow9l,13
dkowz4,4
dkoymp,2
dkp12d,1
dkpsz0,2
dkpwhz,1
dkq05g,1
dkqy3d,2
dkrc51,3
dkreuy,1
dksf1j,3
dkyq6u,1
dkyurp,3
dkzhi7,1
dl19hc,1
dl1rk6,2
dl43pz,2
dl6w2i,3
dl81vg,1
dl8g1w,2
dl8i5w,8
dl9aon,2
dl9h8y,1
dl9mwq,1
dl9n5w,2
dlazxv,2
dlb5z3,11
dlcb1y,1
dldwmn,1
dlei77,1
dleotm,2
dlffdi,1
dlg5gz,1
dlgkwl,1
dlgqo2,2
dlhqu6,25
dli9ce,3
dlj4i7,1
dlj5vo,1
dlk100,13
dlk7xf,1
dlkcqu,1
dll35e,1
dllbmp,1
dlm4oo,3
dlmuxy,5
dln2nq,2
dlnqxu,1
dlnw6z,1
dlo5ne,1
dloeyc,1
dlofyb,1
dlovar,1
dlp2nj,1
dlrlmu,1
dlv1ta,2
dlx5gd,3
dly7g0,1
dlz1tf,4
dlztro,7
dm3273,5
dm4vuj,1
dm67q2,7
dm719t,1
dm7b7f,1
dm7ojr,2
dm86h5,5
dm8aba,1
dm90fx,1
dm99ao,1
dmabd1,4
dmakwv,1
dmalzo,3
dmaoq7,1
dmapnt,1
dmbz9l,1
dmc1wp,6
dmc96k,1
dmctd6,1
dmd7rw,1
dmdk9r,1
dme3x9,2
dmews6,1
dmey3q,1
dmfqug,1
dmfu4i,1
dmg9c8,12
dmgfd4,2
dmgfir,1
dmhi0j,4
dmho8a,1
dmi07d,4
dmj0mo,1
dmj4yr,1
dmjgia,1
dmjswu,3
dml9bn,1
dmlbb6,2
dmmco3,1
dmmr0j,1
dmmu9p,1
dmnyhc,1
dmo3fz,1
dmr084,1
dmv8n3,3
dmw4c3,1
dmwgxj,10
dmx824,1
dmxwxa,1
dmy33j,1
dmyj8o,1
dmynnw,2
dmypi8,1
dmypw8,1
dmyq8g,9
dn0hbs,1
dn2kr2,1
dn37il,2
dn41by,2
dn41kr,4
dn5s67,4
dn6m7r,2
dn7m2k,1
dn7ola,1
dn8bh2,1
dn9wiw,1
dnbflt,9
dnc3ls,3
dncha6,1
dncmit,1
dncx0q,14
dncxdo,1
dndjw4,9
dndzkt,3
dneky0,1
dneubb,1
dng0r2,1
dng344,1
dng7r0,1
dngoen,1
dngs6i,2
dngw02,1
dnh0yb,7
dnhrzw,1
dnhvhk,1
dnibid,2
dnivbv,2
dnknie,4
dnkqxt,1
dnlett,1
dnlo18,1
dno12e,2
dnrbr5,2
dnrr7o,2
dnsoza,21
dnsrl3,2
dnsrr6,1
dnvn13,1
dnxpod,1
dnzmzu,4
do06ps,2
do0tg2,13
do18as,1
do197f,1
do1i4l,3
do2ri2,2
do2vot,1
do36ay,3
do3a9p,4
do4cam,3
do5d07,1
do60ss,1
do6b00,8
do6l9q,1
do852z,13
do8gdp,3
do9zqh,1
doan34,1
doaz3k,2
dob7a4,1
dobfsa,1
dobjb5,1
dobq66,8
docc8v,1
docmk6,1
dodeps,1
doe0bj,2
dog5jl,1
doi76u,1
doimje,1
dokpkq,6
dokwhb,1
donynq,1
doqptl,2
dor754,2
dotytc,4
dou80h,1
doueky,1
doxc3m,3
doy6y1,5
doyr71,1
dp1fem,8
dp1mua,1
dp1vzk,1
dp3j2x,1
dp3kih,19
dp441o,1
dp448c,1
dp4djn,1
dp4ke1,1
dp5cst,1
dp5gmm,2
dp5re8,1
dp614a,20
dp6ebs,1
dp6qo8,11
dp71cv,2
dp7bjs,1
dp7hnb,1
dp7rf1,3
dp81yh,3
dp8mhf,4
dp8qbo,1
dp8t14,1
dp900p,1
dp9aeg,2
dp9g0c,1
dp9ksh,1
dpaja4,1
dpb7xp,3
dpbwff,2
dpbwrr,1
dpc1ll,2
dpc54r,2
dpc6cw,1
dpcrvk,1
dpcvhy,1
dpdyqr,1
dpeh7c,3
dpf3eq,1
dpf6hi,1
dpfipf,1
dphlep,1
dpk5ns,3
dpkjs6,1
dplvf0,7
dpnayk,1
dpnk1w,1
dpnxyf,4
dpoat2,4
dpqb1a,3
dpqmvd,1
dptv4y,2
dpuhsz,9
dpumad,1
dpws6m,17
dpxtnz,1
dpy9x0,1
dpz0io,1
dq0mg7,1
dq1j9c,2
dq35vt,1
dq36g6,2
dq3ck2,1
dq3ln0,2
dq4l14,1
dq4nr5,6
dq4vqj,13
dq5djg,2
dq6aau,1
dq7fk9,1
dq7u76,1
dq91r3,2
dq98x7,1
dq9bwn,1
dq9djb,1
dqa10m,5
dqb5zm,1
dqbmul,2
dqcjiu,1
dqd33v,1
dqdt4u,5
dqe9wr,1
dqen8o,1
dqf4gd,1
dqjipz,1
dqkqsu,3
dqlids,1
dqly9w,1
dqo5d6,2
dqo5ew,1
dqp34h,2
dqpst5,2
dqrppg,6
dquocg,1
dqvoim,1
dqw81u,4
dqwg48,3
dqwsuq,3
dqx8ou,1
dqxpfk,1
dqxt1j,2
dqyai3,2
dr087n,1
dr11m9,6
dr1uts,5
dr2857,1
dr2cpn,1
dr2vhs,7
dr2w4p,1
dr3ist,3
dr3moi,1
dr46w5,4
dr4rjd,1
dr4x0x,1
dr51sz,1
dr584x,1
dr6eho,3
dr6q74,2
dr70xf,1
dr7j58,1
dra37b,1
draocv,1
drhc7n,1
drjs39,6
drk4wf,2
drkbs9,2
drkcwp,3
drlv96,1
drmnj5,2
drnfu1,6
drohmk,2
drpsa3,1
drrht8,19
drrtcc,3
druo3i,2
drur0o,1
druvgk,2
drvegn,1
drxy0t,2
drz0ge,2
drz4e8,2
drzaxf,1
drzxko,7
ds0cvf,1
ds0iez,9
ds24do,1
ds2jl3,1
ds2onl,1
ds2qo9,3
ds2t88,1
ds484k,1
ds4flu,2
ds4jwj,15
ds5sxx,1
ds6stb,1
ds78gq,1
ds7qac,1
ds84w6,7
ds8ghk,1
dscvwi,1
dser0f,1
dsgmxx,1
dsjdi3,1
dsji4p,2
dsjmde,1
dsk7lh,2
dsm4wt,3
dsnalc,1
dsnkvw,2
dsp3q7,1
dsq7b4,1
dss33m,1
dssjd3,1
dst768,6
dst77t,4
dsu74y,1
dsw0u9,1
dsx9y0,1
dsxpav,1
dsxu1r,2
dsxwk7,2
dsywaj,2
dsywar,1
dsz596,1
dsz6zq,3
dt02xb,1
dt05zv,1
dt33yt,1
dt3amh,1
dt3eb2,3
dt3wyp,2
dt4a4q,4
dt6bnl,7
dt6lan,1
dt6y8y,1
dt75se,2
dt9r5w,1
dtatn1,1
dtgkqp,1
dth16n,2
dthgls,4
dtixy5,2
dtjbll,3
dtjdpd,1
dtm5z3,1
dtm9l5,13
dtmax1,3
dtmkvg,1
dtn4l4,2
dtnleu,1
dtnqfj,1
dtnz4u,3
dtoa5d,1
dtp8js,1
dtr6ex,2
dtsgli,1
dtv0w0,1
dtvyil,10
dtwrn4,1
dtwyob,13
dtxb3p,1
dtxyor,3
dtyv24,1
dtz3dl,7
du0246,8
du0tfq,1
du1h31,1
du284s,2
du285i,1
du3g95,2
du3ss5,8
du3wns,1
du65to,1
du66v8,1
du6wct,1
du7dhb,1
du97oq,2
duadih,1
dubafb,1
duc7qy,2
dudr8l,2
duev80,1
dugtdb,6
duh074,1
duhl2e,3
dui3h7,1
duibqy,2
duilb1,1
duj3xr,1
duj5cg,2
dukiqw,2
dumnfa,1
dunjlp,1
duonys,1
duoo03,4
duoub0,1
duqhvc,1
durfi4,1
durzus,6
dusd5u,1
dushky,2
dusn8w,23
dusqao,2
dut6ch,1
dutbpx,2
dutn2w,1
dutq4r,1
duurl8,2
duv0zv,1
duv685,2
duvlzh,1
duy262,2
duy5ja,3
duzvgn,1
duzwjf,1
dv1w8k,1
dv2ak0,2
dv2wmk,2
dv6c4p,11
dv9zlm,1
dva9yw,3
dvay2s,3
dvbwti,3
dvd117,8
dvd570,1
dvd59e,3
dvdhc0,1
dvdz1o,1
dvftb2,3
dvg4tg,2
dvgo51,1
dvh7ss,2
dvjjfm,1
dvjv0c,5
dvl0v3,6
dvlic8,1
dvltq8,1
dvmmjo,4
dvmtl7,1
dvpt0g,12
dvr5db,1
dvr7p6,2
dvs1sw,7
dvsr77,2
dvsxi0,1
dvu2cu,8
dvueb0,19
dvuk4n,3
dvunfl,2
dvv1fo,1
dvvzua,1
dvxaig,1
dvxih2,1
dvy3g1,3
dvyzgx,1
dvz3ef,1
dvzh9u,1
dvzs64,1
dw076q,1
dw1j2k,2
dw1odd,1
dw1ojf,1
dw3o7r,3
dw46vn,1
dw5s46,2
dw6eos,4
dw7cv9,1
dw7s5n,1
dw8qf6,2
dwawqe,1
dwc48s,1
dwczep,1
dwd02a,1
dwd17u,1
dwdrvv,1
dwdy73,1
dwfhor,2
dwgxnw,1
dwh791,1
dwhixw,2
dwipw3,1
dwjwpz,16
dwknal,1
dwktpa,1
dwlc7v,12
dwnaql,2
dwpgcj,1
dwpj3b,6
dwq1zy,1
dwq8rq,1
dwqujd,12
dwrx3z,1
dws0ra,1
dwsqgq,12
dwt4bi,1
dwtgun,2
dwvydt,2
dwwis6,1
dwwrxn,3
dwxna6,7
dwytc6,2
dwyumh,1
dwyw1x,2
dx0834,1
dx0wgq,1
dx1cbu,1
dx36u0,1
dx4g92,1
dx7fft,2
dxbzf4,1
dxcu4v,1
dxdths,2
dxe6ts,4
dxej0y,2
dxez8f,1
dxgikl,8
dxhp6p,5
dxi4ex,1
dxis5a,1
dxj1c9,2
dxlemp,1
dxlrua,4
dxnc6g,1
dxncu2,3
dxns2s,2
dxnx4g,5
dxo59e,1
dxukwi,2
dxuqwq,9
dxvmg6,1
dxwfm0,1
dxwo48,1
dxx3h5,2
dxy57x,1
dxysvy,1
dxzair,1
dy01hz,1
dy0wdw,1
dy2eux,1
dy5240,2
dy7i0g,4
dy8azm,1
dy99dm,3
dy9ovl,4
dybvqz,30
dyc647,1
dycsm7,1
dycwzl,5
dydv8x,1
dyeb0f,12
dyjj69,19
dyjudn,1
dyk4jp,2
dyk9ng,1
dyltca,4
dym5st,1
dymaws,1
dymcg9,2
dymuoh,1
dymy7p,1
dynrs3,1
dyoxbv,2
dypkqe,1
dypxrw,1
dyqd5e,29
dys69k,3
dyt5na,2
dyw9zm,1
dyyj4b,1
dz22u8,1
dz4196,1
dz4ao4,2
dz4ohs,1
dz6i76,4
dz8nbf,1
dz8nog,7
dzcggc,3
dzcnwy,1
dzd9xv,2
dzdxm5,19
dzeed9,9
dzekpl,4
dzf1vy,1
dzhugu,6
dziaom,3
dzjc3x,3
dzjr8q,12
dzlcdw,3
dzlhw4,1
dzljbb,4
dzmh8j,4
dzn137,2
dzn4be,1
dznsrn,1
dzo91h,2
dzp0p3,2
dzp6zr,1
dzpgdi,3
dzqxzz,1
dzt5h3,1
dzt7fl,1
dzufws,1
dzuga6,2
dzuszd,2
dzvmcj,4
dzy5ta,6
dzylv9,1
e01n9m,3
e01nxu,1
e05dsi,1
e05ldd,4
e05sum,4
e06jd4,1
e073zl,1
e07zgr,3
e083i0,2
e0absu,2
e0bzpz,1
e0e1le,2
e0e3ex,1
e0ekl0,8
e0etk4,1
e0fhjf,15
e0fjl8,1
e0fwnw,5
e0go1z,1
e0h2mx,1
e0i177,1
e0i5xz,2
e0i8uu,1
e0ilf6,1
e0j6wr,33
e0jhnm,1
e0jl69,3
e0jlga,1
e0lwt3,1
e0m7g2,1
e0mhah,1
e0nscf,2
e0oqv2,4
e0otr6,5
e0oyqh,1
e0p0gl,3
e0qm4e,1
e0rout,1
e0sogj,1
e0v0cn,1
e0vu02,1
e0w3w9,1
e0wfk0,3
e0ygt7,2
e12izn,5
e13tcg,5
e14bon,14
e15p4m,2
e16bp4,1
e171tc,1
e17d8m,2
e181q1,1
e18hfq,1
e196z0,2
e19ija,1
e1axrm,1
e1bcpp,1
e1bfuj,2
e1c2iz,1
e1c3od,2
e1c5vw,2
e1cmp9,3
e1cnv8,5
e1euhq,12
e1eyok,20
e1f4zt,1
e1fcv9,1
e1gg5h,1
e1gj16,1
e1gy1v,3
e1i9j1,2
e1ig2v,1
e1m9w0,1
e1njzb,3
e1tp09,2
e1u7f4,1
e1vffx,1
e1zm5s,2
e1zxqk,1
e21jnd,1
e22wvv,7
e24u2y,2
e25r9g,4
e25rfo,1
e25xk1,2
e272re,1
e27dzh,1
e28hhr,1
e29oqa,3
e2a389,5
e2adh7,2
e2ar04,1
e2ctxh,1
e2gz7k,19
e2hobm,1
e2ioss,2
e2j60s,2
e2l9jk,2
e2m9f0,1
e2m9zx,2
e2mo17,7
e2mpug,1
e2n7qn,4
e2ox9b,1
e2p1l8,1
e2pqhb,1
e2ptdk,2
e2s3p5,5
e2sd2j,10
e2te8d,2
e2tkri,1
e2wr5j,1
e2wxl9,1
e2xu06,1
e2zhhj,1
e2zr6t,3
e301p9,1
e334ka,33
e34ffi,6
e35vlt,1
e369ag,3
e36e62,2
e36uz5,1
e37cls,2
e37keu,2
e38yyo,1
e39h91,1
e39s56,1
e3agvg,1
e3ahl0,1
e3aoai,1
e3blmr,1
e3c9k7,1
e3ev6e,3
e3f1p7,10
e3fcj4,14
e3fj1h,3
e3fw43,1
e3gjlb,1
e3h67u,1
e3hnga,1
e3i656,2
e3kx3j,4
e3l9pm,2
e3lh5k,1
e3mse2,1
e3ngh0,2
e3oo90,1
e3ox1q,3
e3q56j,1
e3t2ei,1
e3uvv8,1
e3w33j,1
e3yjd1,2
e425o5,3
e42ujz,3
e4322o,1
e44x3e,1
e45gua,1
e46u0r,4
e46wff,1
e48fc1,1
e48htu,5
e491e6,2
e4ai36,1
e4ajte,3
e4bv9t,3
e4cfnz,1
e4cgo7,1
e4crce,1
e4dy0d,1
e4fdf2,1
e4fung,8
e4gs9r,3
e4h6qv,2
e4hv46,3
e4jsqh,1
e4k8e3,1
e4kbv3,1
e4kgrj,19
e4khel,1
e4l00v,1
e4m8ko,4
e4n9an,1
e4nwwp,3
e4okxj,1
e4p4a2,1
e4qhld,1
e4rel3,2
e4t824,2
e4u4zy,1
e4un0v,1
e4zl37,2
e50u75,1
e5170s,4
e51yw7,1
e558rt,1
e558tx,4
e5732j,7
e57439,1
e58z3y,2
e5a09a,1
e5a3xc,1
e5arz7,1
e5b66g,2
e5c37b,1
e5cvbj,9
e5dgik,1
e5fs6c,1
e5g2q3,3
e5g4i9,1
e5gx62,1
e5h29x,2
e5h9xy,1
e5je5x,3
e5jykr,1
e5mw3r,2
e5mxwe,2
e5n00n,6
e5o117,1
e5os63,1
e5p4sv,3
e5p9k9,4
e5pd4y,2
e5pjfv,1
e5poyk,2
e5q8fo,1
e5qse0,2
e5s2og,1
e5swrh,1
e5uzer,1
e5wwgy,1
e5yw4k,1
e60rax,3
e61t4m,1
e62i00,3
e631ih,1
e65ogt,1
e65wa4,1
e66xlq,2
e68ps3,2
e68wy8,5
e6a7bu,3
e6bsui,1
e6c02a,1
e6clnv,8
e6cu0p,1
e6dp7e,1
e6f26h,1
e6gwju,6
e6gy2t,5
e6gzxo,10
e6h7ky,2
e6inwh,3
e6iyox,2
e6jlvf,1
e6kw5a,3
e6lrr9,1
e6mc95,1
e6ot2o,1
e6p0sv,1
e6p4z0,2
e6p539,8
e6pmnt,1
e6pqvn,1
e6qu69,1
e6w2hn,2
e6wh37,1
e6yizx,3
e6yx7s,1
e7489p,1
e74z9m,3
e76yo3,1
e773mh,5
e77txa,1
e78pp9,7
e78rep,6
e798ps,2
e7ahj5,1
e7ait3,1
e7apgs,1
e7b3un,1
e7berf,1
e7e5s2,4
e7e95y,8
e7ep86,1
e7euhr,14
e7f97c,3
e7fvj6,2
e7gx6b,5
e7hhfw,3
e7i9fi,9
e7j3co,1
e7jzr2,11
e7kgci,1
e7lm1z,5
e7lvwd,2
e7nmip,1
e7omjs,1
e7p106,1
e7p3t7,2
e7pc0z,1
e7ptwn,14
e7qtc5,6
e7t5xf,1
e7vapu,2
e7wuj4,1
e7wv35,2
e7xena,2
e7yfhk,1
e7z8g3,1
e7zkuc,2
e815bv,1
e82kum,1
e82wi4,1
e83yrt,4
e84lag,12
e87eu4,2
e894w6,8
e8adce,2
e8awlh,3
e8bab3,4
e8bpbt,1
e8brzs,4
e8c19m,9
e8c8cl,6
e8c8t8,6
e8cbn3,1
e8d1sb,1
e8dlyj,5
e8dtin,1
e8e3w6,7
e8gobt,1
e8h7g4,2
e8hbpo,4
e8i8sh,1
e8ii9t,5
e8iius,1
e8j35b,1
e8jwmy,3
e8ln5k,1
e8qdrm,2
e8r0dk,1
e8widy,1
e8wtr2,4
e8z5k5,3
e8zesy,7
e8zge8,8
e90w7o,1
e917dt,2
e91ucn,1
e92q1e,2
e9362z,1
e94erp,2
e94wrb,2
e95lu8,1
e97lt0,15
e98gkv,1
e99b7k,1
e99urc,1
e9a6uj,2
e9ajyp,1
e9b3ye,1
e9b80t,2
e9c3un,1
e9cbol,1
e9cd2n,1
e9clur,1
e9dnhp,1
e9dpv1,1
e9el9z,1
e9fbz8,1
e9fwae,1
e9gubc,1
e9hc35,1
e9o7n9,2
e9ocyf,2
e9p1zz,2
e9py61,1
e9q9p5,2
e9rsoy,1
e9rsqn,8
e9ryf4,1
e9vb4p,1
e9wr8c,9
e9xayg,3
e9xnkp,1
e9ylta,3
e9ztp2,1
ea0dm1,2
ea3o6a,3
ea3v42,4
ea4c70,3
ea4g41,12
ea4j1d,1
ea4pgy,1
ea5e9i,2
ea5y7f,1
ea66kz,1
ea6gq8,4
ea6v7u,1
ea701i,1
ea7ddm,6
ea7eui,1
ea7xjt,1
ea817c,1
ea83h8,1
ea92ck,3
ea94cc,6
eaaibo,1
eaavwe,1
eab9wn,2
eabg50,1
eabmhh,1
eacss4,2
ead605,1
eae3um,2
eaecra,1
eagu9x,2
eaj7p0,5
eakhz8,1
ealtr7,1
ean0sh,1
eanodn,1
eaolg7,1
eape8v,1
eapf64,1
eaqtvd,3
ear7jw,1
easxc1,4
eauayb,1
eaunhq,1
eauzr0,3
eawceu,1
eaxlwq,1
eay3qj,1
eaytye,3
eb08fo,3
eb1hqh,3
eb1pvj,9
eb39ak,3
eb3l76,3
eb3sfc,1
eb46ww,2
eb4cv5,1
eb4m71,2
eb6dot,23
eb7ahj,1
eb7ntt,2
eb98q1,1
eb9j21,1
ebbtxg,1
ebc8j6,1
ebez3k,6
ebfhdi,3
ebgfzh,2
ebgy64,2
ebh3n2,1
ebib4j,5
ebjh5u,8
ebjvcn,1
ebjxpq,1
ebkp1z,1
ebm243,2
ebmatr,4
ebp4h5,1
ebpjoc,18
ebpkgh,1
ebq2jn,1
ebq4uc,1
ebqtww,1
ebre0o,2
ebrhar,5
ebrx4i,1
ebsn1d,4
ebuow6,11
ebv0ej,1
ebvllq,6
ebvqry,9
ebw9yj,13
ebwig3,3
ebxgxo,2
ebxhi0,1
ebxprb,3
ebyo6u,1
ebys8x,1
ebythm,1
ec0by0,1
ec0pfa,2
ec10wo,2
ec1a69,1
ec1fzi,2
ec2fzw,2
ec2ov0,2
ec3hli,1
ec56a1,2
ec5bbp,10
ec6klx,1
ec6qxn,1
ecdn9m,1
ecedya,11
ecf3ni,1
ecgjnw,2
eciebe,1
ecja9b,1
ecjshz,3
eckn1l,2
ecl2kt,1
ecmig7,10
ecmqv8,2
ecmr96,3
ecpjrv,1
ecpn38,1
ecr99h,1
ecsmtj,1
ecsqbp,1
ect24d,1
ect7l2,2
ectkkk,9
ectsam,1
ecu00t,2
ecud06,6
ecv8aa,1
ecvhx7,1
ecvjwb,3
ecwbwo,3
ecwegy,1
ecxyln,2
ecybr2,2
ecys4q,3
ed0c53,3
ed25z8,2
ed39x7,1
ed63bn,3
edah4i,6
edatzp,2
edc9ek,1
edcfye,1
eddhmd,2
ede8eq,1
edg4xv,4
edgu8m,1
edhlu9,2
edhwsj,3
edj7gn,1
edk95f,9
edke45,1
edlwq5,1
ednfmo,8
ednlty,2
ednuom,16
edoabh,1
edqmwg,1
edqr98,1
edqyof,4
edrfn4,1
edrgqp,6
edrozd,2
edshfq,17
edt1o6,1
edu1o2,1
edw7jo,1
edweuf,1
edwn11,1
edx0jt,2
edx6z2,1
edxz4w,1
edy0yi,2
edy38a,1
edzj6k,1
edzzr4,2
ee4k50,1
ee4x9i,2
ee6lj4,1
ee6xjz,2
ee742p,12
ee8alf,1
ee9apw,4
ee9wrh,2
eeadjz,1
eec56d,2
eec5jt,1
eecfpv,8
eech6q,1
eee4le,6
eef7zv,2
eefce0,1
eefnn3,1
eefql8,2
eeft8d,1
eegcih,1
eeha4g,1
eekclu,2
eel90o,3
eelcwr,1
eelt03,1
eem86w,7
een9jv,16
eeny5o,2
eenzj4,1
eeo87y,1
eequb0,1
eerho6,2
eerqrq,1
eeruvd,1
ees3qq,1
eesapc,1
eesnhk,3
eeth1q,1
eeugcw,3
eeuklr,1
eeuu9t,3
eevfvr,1
eew37k,2
eewj1d,1
eexder,1
eexif4,1
eeyl14,2
ef037w,2
ef0xg0,1
ef4ld2,1
ef53e1,1
ef66gl,19
ef6pfw,1
ef8j4m,1
ef8xhn,2
ef9ods,3
ef9r3z,1
efb0d7,1
efbim9,1
efcvq9,3
efd1jt,1
efd7h1,1
efed23,1
effgt2,14
efgwv6,2
efh3sh,1
efict0,1
efjat6,1
efk8qn,1
efkb18,3
eflntc,10
efmo37,3
efnd9b,1
efnm0w,1
efpfj6,1
efpxe9,1
efqglm,4
eftnwe,1
efugsr,2
efvha1,1
efvnb3,2
efvvrs,2
efwien,3
efycy7,1
eg0tm7,4
eg1yk7,1
eg2mcy,1
eg3al7,7
eg613s,1
eg7uwl,1
eg8kqf,3
eg8njb,7
eg8ntp,1
eg9fk6,2
egboe1,3
egbpp6,3
egbvkw,13
egc8yz,12
egcf6z,9
egcqct,1
egfeww,5
egfx7x,2
egizcn,1
egj9nb,1
egjktw,3
egkh66,2
egl1iq,1
eglc2z,2
egldoa,2
eglht4,1
egm5qn,1
egmixr,2
egpizy,1
egrpq5,4
egrza6,5
egsmx3,1
egsv8a,2
egtzpq,1
eguvc3,1
egvcjj,4
egxjn2,1
egxplg,2
egy38h,1
egytlo,1
egzzmo,4
eh191j,2
eh1t79,2
eh3wjx,1
eh4848,3
eh4u5s,2
eh7g63,1
eh82bl,1
eh8hb7,8
eh9dax,1
eha1jv,2
ehbgex,1
ehbnlm,1
ehd12n,1
ehd3a6,4
ehdpta,3
ehe8hy,1
ehfp7c,6
ehg4al,1
ehgtdp,1
ehgv9a,1
ehgw6k,1
ehhzj3,1
ehjae2,2
ehjdug,2
ehjp3a,1
ehl142,1
ehme7v,2
ehmy7y,3
ehoda2,1
ehoyu4,4
ehqk7q,1
ehssk7,2
ehthdl,2
ehuvy3,59
ehvyfz,2
ehwuts,11
ehx2jl,2
ehxoz6,4
ehxty4,2
ehy15a,1
ehy9js,1
ehzkvn,2
ehzl3g,10
ehzmj8,1
ei0gr9,1
ei22ne,17
ei2jj2,1
ei2st8,2
ei3fgl,1
ei3jg2,1
ei42sd,5
ei44jb,2
ei48w8,2
ei4whk,1
ei6uzq,1
ei8yuv,2
eia866,1
eiao8l,1
eiddig,1
eieiql,1
eifrh4,2
eij27f,1
ein984,1
eio2y7,6
eioi0t,1
eioka1,6
eiplg9,4
eiru9v,1
eirxb4,5
eis3it,7
eis623,1
eit0n0,1
eitxhn,6
eiu69l,1
eiuhcm,2
eiuw0i,2
eiwnbj,1
eixyz5,1
eiy4z2,6
eiy602,3
eiz5qz,2
ej1pjz,8
ej377f,1
ej39p2,1
ej692e,1
ej8ua1,1
ejbq33,1
ejgl58,4
ejglwi,2
ejgxpp,2
ejhgwy,1
ejhyht,1
ejmapc,1
ejnflb,2
ejojzc,10
ejom25,6
ejotm5,1
ejpgta,2
ejrcgx,2
ejs9hz,1
ejsx3y,1
ejtq87,2
ejuqwb,1
ejvspl,2
ejxq8c,4
ejxuwo,1
ejyc0a,1
ejyl5m,4
ejz5ml,1
ek018p,1
ek0610,1
ek256x,1
ek2kio,2
ek35ok,1
ek4m4e,2
ek63b1,1
ek6u12,1
ek70sb,1
ek9a5u,3
ek9gch,1
eka1zk,2
ekcht5,1
ekcrkx,1
ekdw8e,1
ekeoi8,2
ekfzxg,1
ekgksn,3
ekho2r,1
ekiezg,1
ekjajh,1
ekjlh2,2
ekk3bw,2
ekk6wx,1
ekkbrq,1
ekkw88,3
ekmhkd,1
eknm4d,4
ekp4i5,1
ekpcus,2
ekpgzz,1
ekqknn,1
ekqxbn,3
ektjkz,4
eku3bd,2
eku8id,3
ekucue,1
ekvxj9,8
ekwq6e,1
ekxnev,3
ekxvbn,2
eky81c,1
ekzxkg,1
el1a9e,1
el224o,1
el26y7,4
el32zq,1
el3nem,4
el4szg,3
el8igm,1
ela4eo,3
elcdap,1
eleoqs,2
eleuga,1
elguw3,1
elhyuo,2
eli73u,1
elisl6,1
eljgr6,2
eljmkj,2
ellneb,2
ellqk3,2
eln6ve,1
elni42,1
elpr3b,1
elpz93,3
elrpvj,2
elt5lt,6
elt6j2,1
elu5kn,1
elurev,1
elva5c,7
elvd7t,1
elvo5o,2
elw6v6,1
elw9ky,1
elwcgo,1
elx2x0,1
elx3yw,13
elx5fm,1
elxc3u,1
elzos9,1
elzp0i,1
em0rg9,4
em1ar0,4
em1oen,1
em24ru,4
em2fpn,1
em2n7n,10
em5czx,1
em6tbi,1
emakab,1
embbv0,3
emcrdc,2
emcvlj,1
emdnha,4
emdspo,8
emhled,2
emhuei,2
eml7pk,3
emmbs4,5
emmmvx,2
emn03t,2
emo33j,2
emo5xf,9
emp05n,1
emptbt,1
emqdi4,1
emql1n,6
emqt88,3
emqtx7,6
emrg6q,1
emrlcd,2
emsm7t,1
emtlzj,1
emurl0,1
emv09p,4
emv1vt,1
emvzsy,22
emxlo0,3
emypug,1
emyzw5,3
en0047,10
en07ej,1
en1qyz,1
en234i,1
en28re,2
en56u6,1
en8859,7
en976k,4
ena640,1
enacmh,2
enbfdn,1
enbtw3,2
enekja,4
enespw,2
enf2vl,1
eng4un,8
engppo,1
engzur,1
enh3mf,3
eni57l,1
enihy3,8
enio5c,1
enjklb,3
enkdrd,2
enlbpw,3
enm3z6,1
ennjoz,1
enps8j,1
enpyjp,1
enq3ir,1
enqnzy,1
enr3sc,3
enr4wy,2
enrjr5,1
ens1wx,2
enu4tv,2
enu7cp,1
enu9w7,1
envam1,1
envhal,2
envxx3,1
enxayw,3
enxgl2,1
enxv8e,1
enxwdx,4
eo0c6k,1
eo19ii,1
eo36q7,1
eo36r3,1
eo3r20,1
eo5az5,7
eo5xys,1
eo6dop,1
eoa7wx,1
eobs61,2
eocjfn,1
eodyg5,1
eoebmb,7
eofruy,1
eog696,1
eoh616,5
eoh6fk,1
eoi1rl,3
eojuqo,1
eoktw5,3
eoldnx,1
eom0f7,1
eon0mu,2
eonaq8,6
eont9c,2
eoofas,5
eoov0p,2
eop4e2,1
eopfct,3
eoqtti,6
eor7ps,4
eosgac,1
eotoma,11
eoul41,3
eov0jd,1
eov550,2
eowb1w,1
eoxbk2,1
eoxylj,5
eoz4xf,4
eozv46,1
ep0thf,2
ep0v4u,1
ep2ihw,5
ep6f8s,1
ep6vug,1
ep71b5,1
ep8boj,3
ep8ci3,1
ep8gdq,1
ep8tgq,1
ep9elc,1
ep9l94,1
epaulw,1
epb3gd,1
epb9f0,2
epbhdb,19
epbmo1,1
epbvnl,1
epdxh7,2
epgbem,1
epgxfm,6
eph9or,2
epigr0,5
epjfy5,1
epjt9k,3
epjvtc,5
epkew1,1
epkg9m,10
epm5pk,2
epnx4f,2
epo28k,1
epo3mi,2
epo9ks,1
epoeo7,3
epoxab,14
epoy6b,2
epq3lt,4
epqjyl,1
epr60h,3
epr7wv,1
epsrp5,1
epu652,1
epuew4,1
epupve,1
epyjyn,1
eq10oo,1
eq1ixh,6
eq2g56,1
eq2w09,2
eq3xdo,4
eq4t5r,1
eq6z67,1
eq86rf,2
eqaryw,7
eqbk10,2
eqcne8,1
eqcwpz,1
eqgoz2,4
eqh5c7,1
eqhvwb,2
eqhwew,8
eqiaxp,2
eqjgjv,2
eqjvi6,4
eqkc17,1
eqksxz,1
eqnq7g,3
eqo2tt,1
eqoiqx,1
eqorzb,2
eqp0kd,12
eqph1n,1
eqpla9,1
eqpsr0,2
eqpv3u,1
eqq7g4,7
eqqv12,4
eqqv8q,2
eqrllb,1
eqrxbd,2
eqsl8m,1
eqso1c,1
eqta1y,1
eqw6ob,2
eqwbu8,2
eqz870,3
eqztpu,3
er0q0t,4
er1ask,1
er3pni,1
er4cux,2
er4iaq,2
er4we4,2
er4xit,9
er6r1c,7
er9ise,21
eratj8,1
erccq7,10
erd440,1
erdul4,1
ereisg,1
erf8yw,1
erfemv,1
erfj84,1
erg35l,10
erh2e8,1
erh9dm,4
eri7k5,1
erjl3l,2
erjwm7,2
erl65n,1
erled5,3
erleic,6
erli0h,1
ermego,2
erosub,4
erpg7k,3
erpwb1,2
erpyip,1
erpzuc,1
erv18v,2
erwx2y,2
eryhxi,12
eryqsh,1
erywza,1
es1ew1,1
es25iw,4
es3wo4,1
es4wn8,1
es58n7,7
es5zzy,9
es603d,6
es65nd,1
es6upj,1
es6yia,1
es6zvx,3
es7ger,5
es7ov7,7
es7vmi,1
es81s9,2
es8uxe,1
esaz36,1
esba4r,1
esbmln,1
esbxdi,2
esd2dl,23
eseudr,3
esf2sn,2
esf8kr,7
esftlm,2
esgkjh,2
eshllx,1
esiyvz,1
esjxxs,13
esk35n,1
esk3qn,4
esk5ur,1
esk5ya,2
esk6w0,1
eskif3,1
eslb3z,1
esmcle,2
esmqa3,1
esnw4j,1
esp8xh,1
esq63p,1
esscui,1
essh6n,1
essqvw,2
est4xr,2
esvma4,1
eswqyf,81
esxfbj,1
esxhv4,1
esyw78,1
esz0le,1
eszlr1,1
et0wtl,1
et11ka,2
et16y8,1
et2jfm,1
et3azy,2
et3fuo,3
et48qq,1
et4gqa,7
et4os5,1
et5i2a,5
et5q2k,1
et65ie,1
et6w8b,1
et7bs6,1
et7f6g,1
et7zvl,1
etauu7,1
etb3rj,5
etb6rw,2
etbh2u,3
etbhu9,1
etbx4h,8
etczcy,1
etdw7i,1
etdx57,2
etel38,1
etikcm,6
etljov,3
etlpw9,1
etmsnw,2
etrtc0,1
etueed,1
etvyrd,1
etxt1d,16
etzd6d,2
eu1xty,1
eu2rei,6
eu2z8h,2
eu4k45,1
eu6fj2,1
eu7h45,11
eu8bb3,2
eu95j8,1
eu9am8,1
eu9lzu,1
euabiy,2
euanzw,1
euatjh,6
eubeor,6
eucey5,2
eucwxj,2
eueepc,1
euf3d7,1
eugbxd,1
euh3yq,1
euhs98,1
euj1l6,2
euj9tg,1
eukikf,2
eukpuu,4
eukq25,1
eulf0f,2
eun4jv,2
euox36,9
eusykr,1
eutwvh,1
euu0k6,1
euuq23,2
euw6cm,1
euwtua,2
euxirf,5
euxlkb,1
euxvc8,2
euy9j9,26
euzbos,1
euzraq,1
ev07jg,2
ev397o,29
ev3hzl,1
ev3ib9,7
ev45gv,3
ev62zk,1
ev6jyb,1
ev6qeg,1
ev7adw,4
ev7c2w,4
ev7mru,2
ev9c3v,2
evba2a,1
evhxfd,2
evo0y5,14
evpkmk,1
evrdhl,1
evs25w,6
evsmuv,4
evuild,6
evuim6,1
evum3a,3
evvzuk,1
ew0ds3,3
ew0o2u,1
ew28wb,3
ew34z6,2
ew3vk2,1
ew4d4r,16
ew53ex,1
ew5qdt,1
ew5xs2,1
ew6joq,3
ew6mvu,6
ew6q1k,2
ew7of4,2
ew7tnt,3
ew80sk,1
ew98jw,1
ew9c7c,3
ew9ox1,1
ewa0eu,1
ewabtp,8
ewax5w,2
ewbh58,1
ewccyl,1
ewcxf1,2
ewehi5,1
ewfl6y,5
ewgxv0,11
ewic6a,1
ewir4i,1
ewj6xn,1
ewq8f5,17
ewr5y3,2
ews1dt,1
ewsmo5,1
ewt5ot,4
ewtyj7,1
ewup18,1
ewv5ir,1
ewy7lz,9
ewyz64,1
ewz161,1
ewzz50,1
ex4cpt,4
ex551m,2
ex5utn,2
ex65jt,1
ex6iv7,6
ex6tck,3
ex7asl,1
ex82t9,1
ex8r77,1
ex9ppr,1
exa35y,1
exaq7e,1
exayta,1
exb7c3,1
exbxr3,1
exckrq,8
exd484,5
exdyui,2
exfapy,4
exfxyi,1
exgok8,1
exi9sk,1
exj0dp,5
exj5w5,1
exkapt,2
exkmgt,1
exm11m,1
exo2hc,1
exukiz,1
exv6sn,3
exxaqy,1
exydbf,4
exyr3n,1
ey0cmj,2
ey0jmz,2
ey3491,2
ey5w9t,1
ey6dd4,6
ey6dyc,27
ey7ezl,2
ey8y20,1
ey940s,1
eya42x,2
eyat05,1
eyathu,1
eycrea,4
eyd6rz,1
eydfmc,13
eydvfq,1
eyfsrj,4
eyfyvp,3
eygwos,1
eyhpnb,1
eyjys7,1
eykbbt,1
